,Algorithm,Instance,Number of States,Extracted Number of States,RunNumber,Time (s),LastTokenQuery,EquivalenceQuery,OT Prefixes,OT Suffixes,Tree Depth,Inner Nodes,LogProbError,WER,NDCG,OOPartition,OOTolerance,AbsoluteError
0,WLStarLearner,PDFA - 4e451446a3d14113960a490b313b439d,44,44,1,0.34095913893543184,656,4,95.0,7.0,,,0.0,0.0,1.0,0,0,0.0
1,WLStarLearner,PDFA - 4e451446a3d14113960a490b313b439d,44,44,2,0.3537944699637592,656,4,95.0,7.0,,,0.0,0.0,1.0,0,0,0.0
2,WLStarLearner,PDFA - 4e451446a3d14113960a490b313b439d,44,44,3,0.3507494209334254,656,4,95.0,7.0,,,0.0,0.0,1.0,0,0,0.0
3,WLStarLearner,PDFA - 4e451446a3d14113960a490b313b439d,44,44,4,0.3525462100515142,656,4,95.0,7.0,,,0.0,0.0,1.0,0,0,0.0
4,WLStarLearner,PDFA - 4e451446a3d14113960a490b313b439d,44,44,5,0.38668905093800277,656,4,95.0,7.0,,,0.0,0.0,1.0,0,0,0.0
5,WLStarLearner,PDFA - 4e451446a3d14113960a490b313b439d,44,44,6,0.3439881741069257,656,4,95.0,7.0,,,0.0,0.0,1.0,0,0,0.0
6,WLStarLearner,PDFA - 4e451446a3d14113960a490b313b439d,44,44,7,0.34961350506637245,656,4,95.0,7.0,,,0.0,0.0,1.0,0,0,0.0
7,WLStarLearner,PDFA - 4e451446a3d14113960a490b313b439d,44,44,8,0.3431394670624286,656,4,95.0,7.0,,,0.0,0.0,1.0,0,0,0.0
8,WLStarLearner,PDFA - 4e451446a3d14113960a490b313b439d,44,44,9,0.3426807359792292,656,4,95.0,7.0,,,0.0,0.0,1.0,0,0,0.0
9,WLStarLearner,PDFA - 052dd8831fd54da4acab051b7723b62a,307,307,1,79.171946206945,6341,8,635.0,10.0,,,0.0,0.0,1.0,0,0,0.0
10,WLStarLearner,PDFA - 052dd8831fd54da4acab051b7723b62a,307,307,2,79.20389187999535,6341,8,635.0,10.0,,,0.0,0.0,1.0,0,0,0.0
11,WLStarLearner,PDFA - 052dd8831fd54da4acab051b7723b62a,307,307,3,80.6412095889682,6341,8,635.0,10.0,,,0.0,0.0,1.0,0,0,0.0
12,WLStarLearner,PDFA - 052dd8831fd54da4acab051b7723b62a,307,307,4,79.17438158101868,6341,8,635.0,10.0,,,0.0,0.0,1.0,0,0,0.0
13,WLStarLearner,PDFA - 052dd8831fd54da4acab051b7723b62a,307,307,5,77.4090152180288,6341,8,635.0,10.0,,,0.0,0.0,1.0,0,0,0.0
14,WLStarLearner,PDFA - 052dd8831fd54da4acab051b7723b62a,307,307,6,79.55036360595841,6341,8,635.0,10.0,,,0.0,0.0,1.0,0,0,0.0
15,WLStarLearner,PDFA - 052dd8831fd54da4acab051b7723b62a,307,307,7,80.16221359197516,6341,8,635.0,10.0,,,0.0,0.0,1.0,0,0,0.0
16,WLStarLearner,PDFA - 052dd8831fd54da4acab051b7723b62a,307,307,8,80.1449547879165,6341,8,635.0,10.0,,,0.0,0.0,1.0,0,0,0.0
17,WLStarLearner,PDFA - 052dd8831fd54da4acab051b7723b62a,307,307,9,78.68304910697043,6341,8,635.0,10.0,,,0.0,0.0,1.0,0,0,0.0
18,WLStarLearner,PDFA - 93d9594ecc1c4344b9896a62f86940eb,293,293,1,83.26161837403197,5981,8,599.0,10.0,,,0.0,0.0,1.0,0,0,0.0
19,WLStarLearner,PDFA - 93d9594ecc1c4344b9896a62f86940eb,293,293,2,81.48293479392305,5981,8,599.0,10.0,,,0.0,0.0,1.0,0,0,0.0
20,WLStarLearner,PDFA - 93d9594ecc1c4344b9896a62f86940eb,293,293,3,81.84804444003385,5981,8,599.0,10.0,,,0.0,0.0,1.0,0,0,0.0
21,WLStarLearner,PDFA - 93d9594ecc1c4344b9896a62f86940eb,293,293,4,81.01876605208963,5981,8,599.0,10.0,,,0.0,0.0,1.0,0,0,0.0
22,WLStarLearner,PDFA - 93d9594ecc1c4344b9896a62f86940eb,293,293,5,82.90893477306236,5981,8,599.0,10.0,,,0.0,0.0,1.0,0,0,0.0
23,WLStarLearner,PDFA - 93d9594ecc1c4344b9896a62f86940eb,293,293,6,80.89617725799326,5981,8,599.0,10.0,,,0.0,0.0,1.0,0,0,0.0
24,WLStarLearner,PDFA - 93d9594ecc1c4344b9896a62f86940eb,293,293,7,81.64081446093041,5981,8,599.0,10.0,,,0.0,0.0,1.0,0,0,0.0
25,WLStarLearner,PDFA - 93d9594ecc1c4344b9896a62f86940eb,293,293,8,82.96653275296558,5981,8,599.0,10.0,,,0.0,0.0,1.0,0,0,0.0
26,WLStarLearner,PDFA - 93d9594ecc1c4344b9896a62f86940eb,293,293,9,81.76602314400952,5981,8,599.0,10.0,,,0.0,0.0,1.0,0,0,0.0
27,WLStarLearner,PDFA - 3db4c08c1d4348b9ba0f69b5fa1c06ab,53,53,1,0.5405685119330883,782,5,113.0,7.0,,,0.0,0.0,1.0,0,0,0.0
28,WLStarLearner,PDFA - 3db4c08c1d4348b9ba0f69b5fa1c06ab,53,53,2,0.5229605189524591,782,5,113.0,7.0,,,0.0,0.0,1.0,0,0,0.0
29,WLStarLearner,PDFA - 3db4c08c1d4348b9ba0f69b5fa1c06ab,53,53,3,0.5461585239972919,782,5,113.0,7.0,,,0.0,0.0,1.0,0,0,0.0
30,WLStarLearner,PDFA - 3db4c08c1d4348b9ba0f69b5fa1c06ab,53,53,4,0.5033422879641876,782,5,113.0,7.0,,,0.0,0.0,1.0,0,0,0.0
31,WLStarLearner,PDFA - 3db4c08c1d4348b9ba0f69b5fa1c06ab,53,53,5,0.5035088590811938,782,5,113.0,7.0,,,0.0,0.0,1.0,0,0,0.0
32,WLStarLearner,PDFA - 3db4c08c1d4348b9ba0f69b5fa1c06ab,53,53,6,0.5094954390078783,782,5,113.0,7.0,,,0.0,0.0,1.0,0,0,0.0
33,WLStarLearner,PDFA - 3db4c08c1d4348b9ba0f69b5fa1c06ab,53,53,7,0.5210815570317209,782,5,113.0,7.0,,,0.0,0.0,1.0,0,0,0.0
34,WLStarLearner,PDFA - 3db4c08c1d4348b9ba0f69b5fa1c06ab,53,53,8,0.5536476500565186,782,5,113.0,7.0,,,0.0,0.0,1.0,0,0,0.0
35,WLStarLearner,PDFA - 3db4c08c1d4348b9ba0f69b5fa1c06ab,53,53,9,0.5216082049300894,782,5,113.0,7.0,,,0.0,0.0,1.0,0,0,0.0
36,WLStarLearner,PDFA - dc045365472a4b2f8c9977247218e59a,200,200,1,27.023536765947938,4261,7,427.0,10.0,,,0.0,0.0,1.0,0,0,0.0
37,WLStarLearner,PDFA - dc045365472a4b2f8c9977247218e59a,200,200,2,27.106350215966813,4261,7,427.0,10.0,,,0.0,0.0,1.0,0,0,0.0
38,WLStarLearner,PDFA - dc045365472a4b2f8c9977247218e59a,200,200,3,26.808289126027375,4261,7,427.0,10.0,,,0.0,0.0,1.0,0,0,0.0
39,WLStarLearner,PDFA - dc045365472a4b2f8c9977247218e59a,200,200,4,27.041361493058503,4261,7,427.0,10.0,,,0.0,0.0,1.0,0,0,0.0
40,WLStarLearner,PDFA - dc045365472a4b2f8c9977247218e59a,200,200,5,27.214883515029214,4261,7,427.0,10.0,,,0.0,0.0,1.0,0,0,0.0
41,WLStarLearner,PDFA - dc045365472a4b2f8c9977247218e59a,200,200,6,27.12790111801587,4261,7,427.0,10.0,,,0.0,0.0,1.0,0,0,0.0
42,WLStarLearner,PDFA - dc045365472a4b2f8c9977247218e59a,200,200,7,27.766893555992283,4261,7,427.0,10.0,,,0.0,0.0,1.0,0,0,0.0
43,WLStarLearner,PDFA - dc045365472a4b2f8c9977247218e59a,200,200,8,27.052077507949434,4261,7,427.0,10.0,,,0.0,0.0,1.0,0,0,0.0
44,WLStarLearner,PDFA - dc045365472a4b2f8c9977247218e59a,200,200,9,27.03812761802692,4261,7,427.0,10.0,,,0.0,0.0,1.0,0,0,0.0
45,WLStarLearner,PDFA - a1519f1457f1422a9e0e784e9ca340c8,212,211,1,26.67024767305702,3888,7,433.0,9.0,,,1.6380902330723757e-06,0.0,1.0,0,0,1.9999999999978368e-07
46,WLStarLearner,PDFA - a1519f1457f1422a9e0e784e9ca340c8,212,211,2,26.97205103095621,3888,7,433.0,9.0,,,1.6380902330723757e-06,0.0,1.0,0,0,1.9999999999978368e-07
47,WLStarLearner,PDFA - a1519f1457f1422a9e0e784e9ca340c8,212,211,3,27.166083485004492,3888,7,433.0,9.0,,,1.6380902330723757e-06,0.0,1.0,0,0,1.9999999999978368e-07
48,WLStarLearner,PDFA - a1519f1457f1422a9e0e784e9ca340c8,212,211,4,27.052446630084887,3888,7,433.0,9.0,,,1.6380902330723757e-06,0.0,1.0,0,0,1.9999999999978368e-07
49,WLStarLearner,PDFA - a1519f1457f1422a9e0e784e9ca340c8,212,211,5,27.35893498302903,3888,7,433.0,9.0,,,1.6380902330723757e-06,0.0,1.0,0,0,1.9999999999978368e-07
50,WLStarLearner,PDFA - a1519f1457f1422a9e0e784e9ca340c8,212,211,6,26.9572442159988,3888,7,433.0,9.0,,,1.6380902330723757e-06,0.0,1.0,0,0,1.9999999999978368e-07
51,WLStarLearner,PDFA - a1519f1457f1422a9e0e784e9ca340c8,212,211,7,26.666316736955196,3888,7,433.0,9.0,,,1.6380902330723757e-06,0.0,1.0,0,0,1.9999999999978368e-07
52,WLStarLearner,PDFA - a1519f1457f1422a9e0e784e9ca340c8,212,211,8,26.98366565303877,3888,7,433.0,9.0,,,1.6380902330723757e-06,0.0,1.0,0,0,1.9999999999978368e-07
53,WLStarLearner,PDFA - a1519f1457f1422a9e0e784e9ca340c8,212,211,9,27.299999921000563,3888,7,433.0,9.0,,,1.6380902330723757e-06,0.0,1.0,0,0,1.9999999999978368e-07
54,WLStarLearner,PDFA - 6b3446d81a40483d9711c5533394fb61,198,198,1,23.868004053016193,4666,8,425.0,11.0,,,0.0,0.0,1.0,0,0,0.0
55,WLStarLearner,PDFA - 6b3446d81a40483d9711c5533394fb61,198,198,2,23.689930650987662,4666,8,425.0,11.0,,,0.0,0.0,1.0,0,0,0.0
56,WLStarLearner,PDFA - 6b3446d81a40483d9711c5533394fb61,198,198,3,23.519305367022753,4666,8,425.0,11.0,,,0.0,0.0,1.0,0,0,0.0
57,WLStarLearner,PDFA - 6b3446d81a40483d9711c5533394fb61,198,198,4,23.67148373601958,4666,8,425.0,11.0,,,0.0,0.0,1.0,0,0,0.0
58,WLStarLearner,PDFA - 6b3446d81a40483d9711c5533394fb61,198,198,5,23.781175461015664,4666,8,425.0,11.0,,,0.0,0.0,1.0,0,0,0.0
59,WLStarLearner,PDFA - 6b3446d81a40483d9711c5533394fb61,198,198,6,23.67359508399386,4666,8,425.0,11.0,,,0.0,0.0,1.0,0,0,0.0
60,WLStarLearner,PDFA - 6b3446d81a40483d9711c5533394fb61,198,198,7,23.673174983006902,4666,8,425.0,11.0,,,0.0,0.0,1.0,0,0,0.0
61,WLStarLearner,PDFA - 6b3446d81a40483d9711c5533394fb61,198,198,8,24.029190444969572,4666,8,425.0,11.0,,,0.0,0.0,1.0,0,0,0.0
62,WLStarLearner,PDFA - 6b3446d81a40483d9711c5533394fb61,198,198,9,23.742114839027636,4666,8,425.0,11.0,,,0.0,0.0,1.0,0,0,0.0
63,WLStarLearner,PDFA - 0a187c2da85744b498d33ae86fc74482,308,308,1,68.41784365300555,5616,5,625.0,9.0,,,0.0,0.0,1.0,0,0,0.0
64,WLStarLearner,PDFA - 0a187c2da85744b498d33ae86fc74482,308,308,2,68.59547399298754,5616,5,625.0,9.0,,,0.0,0.0,1.0,0,0,0.0
65,WLStarLearner,PDFA - 0a187c2da85744b498d33ae86fc74482,308,308,3,68.97654626809526,5616,5,625.0,9.0,,,0.0,0.0,1.0,0,0,0.0
66,WLStarLearner,PDFA - 0a187c2da85744b498d33ae86fc74482,308,308,4,68.72237155702896,5616,5,625.0,9.0,,,0.0,0.0,1.0,0,0,0.0
67,WLStarLearner,PDFA - 0a187c2da85744b498d33ae86fc74482,308,308,5,68.40842894697562,5616,5,625.0,9.0,,,0.0,0.0,1.0,0,0,0.0
68,WLStarLearner,PDFA - 0a187c2da85744b498d33ae86fc74482,308,308,6,68.78405199607369,5616,5,625.0,9.0,,,0.0,0.0,1.0,0,0,0.0
69,WLStarLearner,PDFA - 0a187c2da85744b498d33ae86fc74482,308,308,7,68.4568627490662,5616,5,625.0,9.0,,,0.0,0.0,1.0,0,0,0.0
70,WLStarLearner,PDFA - 0a187c2da85744b498d33ae86fc74482,308,308,8,68.53717378701549,5616,5,625.0,9.0,,,0.0,0.0,1.0,0,0,0.0
71,WLStarLearner,PDFA - 0a187c2da85744b498d33ae86fc74482,308,308,9,68.9231229169527,5616,5,625.0,9.0,,,0.0,0.0,1.0,0,0,0.0
72,WLStarLearner,PDFA - 0f98b1ea785c4176a9d2957ad6109c92,321,321,1,87.88616741402075,6501,8,651.0,10.0,,,0.0,0.0,1.0,0,0,0.0
73,WLStarLearner,PDFA - 0f98b1ea785c4176a9d2957ad6109c92,321,321,2,87.87115485500544,6501,8,651.0,10.0,,,0.0,0.0,1.0,0,0,0.0
74,WLStarLearner,PDFA - 0f98b1ea785c4176a9d2957ad6109c92,321,321,3,88.61275287205353,6501,8,651.0,10.0,,,0.0,0.0,1.0,0,0,0.0
75,WLStarLearner,PDFA - 0f98b1ea785c4176a9d2957ad6109c92,321,321,4,90.2066312150564,6501,8,651.0,10.0,,,0.0,0.0,1.0,0,0,0.0
76,WLStarLearner,PDFA - 0f98b1ea785c4176a9d2957ad6109c92,321,321,5,89.55612622003537,6501,8,651.0,10.0,,,0.0,0.0,1.0,0,0,0.0
77,WLStarLearner,PDFA - 0f98b1ea785c4176a9d2957ad6109c92,321,321,6,88.01404860208277,6501,8,651.0,10.0,,,0.0,0.0,1.0,0,0,0.0
78,WLStarLearner,PDFA - 0f98b1ea785c4176a9d2957ad6109c92,321,321,7,88.1025287680095,6501,8,651.0,10.0,,,0.0,0.0,1.0,0,0,0.0
79,WLStarLearner,PDFA - 0f98b1ea785c4176a9d2957ad6109c92,321,321,8,89.47520940704271,6501,8,651.0,10.0,,,0.0,0.0,1.0,0,0,0.0
80,WLStarLearner,PDFA - 0f98b1ea785c4176a9d2957ad6109c92,321,321,9,89.47588430100586,6501,8,651.0,10.0,,,0.0,0.0,1.0,0,0,0.0
81,WLStarLearner,PDFA - 87d04a4670c94bfb9f73c4084083fe68,52,51,1,0.42485469894018024,754,5,109.0,7.0,,,0.0001491371684643852,0.0,1.0,0,0,5.520000000000414e-06
82,WLStarLearner,PDFA - 87d04a4670c94bfb9f73c4084083fe68,52,51,2,0.43597533903084695,754,5,109.0,7.0,,,0.0001491371684643852,0.0,1.0,0,0,5.520000000000414e-06
83,WLStarLearner,PDFA - 87d04a4670c94bfb9f73c4084083fe68,52,51,3,0.424321057042107,754,5,109.0,7.0,,,0.0001491371684643852,0.0,1.0,0,0,5.520000000000414e-06
84,WLStarLearner,PDFA - 87d04a4670c94bfb9f73c4084083fe68,52,51,4,0.42388260597363114,754,5,109.0,7.0,,,0.0001491371684643852,0.0,1.0,0,0,5.520000000000414e-06
85,WLStarLearner,PDFA - 87d04a4670c94bfb9f73c4084083fe68,52,51,5,0.46448956697713584,754,5,109.0,7.0,,,0.0001491371684643852,0.0,1.0,0,0,5.520000000000414e-06
86,WLStarLearner,PDFA - 87d04a4670c94bfb9f73c4084083fe68,52,51,6,0.4539885059930384,754,5,109.0,7.0,,,0.0001491371684643852,0.0,1.0,0,0,5.520000000000414e-06
87,WLStarLearner,PDFA - 87d04a4670c94bfb9f73c4084083fe68,52,51,7,0.4240051789674908,754,5,109.0,7.0,,,0.0001491371684643852,0.0,1.0,0,0,5.520000000000414e-06
88,WLStarLearner,PDFA - 87d04a4670c94bfb9f73c4084083fe68,52,51,8,0.420637764967978,754,5,109.0,7.0,,,0.0001491371684643852,0.0,1.0,0,0,5.520000000000414e-06
89,WLStarLearner,PDFA - 87d04a4670c94bfb9f73c4084083fe68,52,51,9,0.416835744981654,754,5,109.0,7.0,,,0.0001491371684643852,0.0,1.0,0,0,5.520000000000414e-06
90,WLStarLearner,PDFA - 6fe7c9d30335416b84f6a67094fa8efc,54,54,1,0.6102651400724426,852,5,123.0,7.0,,,0.0,0.0,1.0,0,0,0.0
91,WLStarLearner,PDFA - 6fe7c9d30335416b84f6a67094fa8efc,54,54,2,0.5865505820838735,852,5,123.0,7.0,,,0.0,0.0,1.0,0,0,0.0
92,WLStarLearner,PDFA - 6fe7c9d30335416b84f6a67094fa8efc,54,54,3,0.5769292350159958,852,5,123.0,7.0,,,0.0,0.0,1.0,0,0,0.0
93,WLStarLearner,PDFA - 6fe7c9d30335416b84f6a67094fa8efc,54,54,4,0.5825721709989011,852,5,123.0,7.0,,,0.0,0.0,1.0,0,0,0.0
94,WLStarLearner,PDFA - 6fe7c9d30335416b84f6a67094fa8efc,54,54,5,0.5899305710336193,852,5,123.0,7.0,,,0.0,0.0,1.0,0,0,0.0
95,WLStarLearner,PDFA - 6fe7c9d30335416b84f6a67094fa8efc,54,54,6,0.6061397549929097,852,5,123.0,7.0,,,0.0,0.0,1.0,0,0,0.0
96,WLStarLearner,PDFA - 6fe7c9d30335416b84f6a67094fa8efc,54,54,7,0.5868694859091192,852,5,123.0,7.0,,,0.0,0.0,1.0,0,0,0.0
97,WLStarLearner,PDFA - 6fe7c9d30335416b84f6a67094fa8efc,54,54,8,0.621757777989842,852,5,123.0,7.0,,,0.0,0.0,1.0,0,0,0.0
98,WLStarLearner,PDFA - 6fe7c9d30335416b84f6a67094fa8efc,54,54,9,0.5976754770381376,852,5,123.0,7.0,,,0.0,0.0,1.0,0,0,0.0
99,WLStarLearner,PDFA - 69b41f44959f4658bf19d3ffb01d6793,94,94,1,2.911731470027007,1782,6,199.0,9.0,,,0.0,0.0,1.0,0,0,0.0
100,WLStarLearner,PDFA - 69b41f44959f4658bf19d3ffb01d6793,94,94,2,2.776478723040782,1782,6,199.0,9.0,,,0.0,0.0,1.0,0,0,0.0
101,WLStarLearner,PDFA - 69b41f44959f4658bf19d3ffb01d6793,94,94,3,2.655578542035073,1782,6,199.0,9.0,,,0.0,0.0,1.0,0,0,0.0
102,WLStarLearner,PDFA - 69b41f44959f4658bf19d3ffb01d6793,94,94,4,2.6820461340248585,1782,6,199.0,9.0,,,0.0,0.0,1.0,0,0,0.0
103,WLStarLearner,PDFA - 69b41f44959f4658bf19d3ffb01d6793,94,94,5,2.743811649037525,1782,6,199.0,9.0,,,0.0,0.0,1.0,0,0,0.0
104,WLStarLearner,PDFA - 69b41f44959f4658bf19d3ffb01d6793,94,94,6,2.7194001709576696,1782,6,199.0,9.0,,,0.0,0.0,1.0,0,0,0.0
105,WLStarLearner,PDFA - 69b41f44959f4658bf19d3ffb01d6793,94,94,7,2.7223543169675395,1782,6,199.0,9.0,,,0.0,0.0,1.0,0,0,0.0
106,WLStarLearner,PDFA - 69b41f44959f4658bf19d3ffb01d6793,94,94,8,2.6961422610329464,1782,6,199.0,9.0,,,0.0,0.0,1.0,0,0,0.0
107,WLStarLearner,PDFA - 69b41f44959f4658bf19d3ffb01d6793,94,94,9,2.6917369189905003,1782,6,199.0,9.0,,,0.0,0.0,1.0,0,0,0.0
108,WLStarLearner,PDFA - 8e36d5055a24425fa5b965f276709d61,306,306,1,78.27832145395223,5616,7,625.0,9.0,,,0.0,0.0,1.0,0,0,0.0
109,WLStarLearner,PDFA - 8e36d5055a24425fa5b965f276709d61,306,306,2,78.88006742100697,5616,7,625.0,9.0,,,0.0,0.0,1.0,0,0,0.0
110,WLStarLearner,PDFA - 8e36d5055a24425fa5b965f276709d61,306,306,3,78.95138592005242,5616,7,625.0,9.0,,,0.0,0.0,1.0,0,0,0.0
111,WLStarLearner,PDFA - 8e36d5055a24425fa5b965f276709d61,306,306,4,77.97562318306882,5616,7,625.0,9.0,,,0.0,0.0,1.0,0,0,0.0
112,WLStarLearner,PDFA - 8e36d5055a24425fa5b965f276709d61,306,306,5,78.39714920404367,5616,7,625.0,9.0,,,0.0,0.0,1.0,0,0,0.0
113,WLStarLearner,PDFA - 8e36d5055a24425fa5b965f276709d61,306,306,6,78.53754236898385,5616,7,625.0,9.0,,,0.0,0.0,1.0,0,0,0.0
114,WLStarLearner,PDFA - 8e36d5055a24425fa5b965f276709d61,306,306,7,78.26482211402617,5616,7,625.0,9.0,,,0.0,0.0,1.0,0,0,0.0
115,WLStarLearner,PDFA - 8e36d5055a24425fa5b965f276709d61,306,306,8,78.55346277100034,5616,7,625.0,9.0,,,0.0,0.0,1.0,0,0,0.0
116,WLStarLearner,PDFA - 8e36d5055a24425fa5b965f276709d61,306,306,9,78.47841965802945,5616,7,625.0,9.0,,,0.0,0.0,1.0,0,0,0.0
117,WLStarLearner,PDFA - a14af1879277447586bc511c78ea513e,54,54,1,0.8090721019543707,1188,6,133.0,9.0,,,0.0,0.0,1.0,0,0,0.0
118,WLStarLearner,PDFA - a14af1879277447586bc511c78ea513e,54,54,2,0.8495471640489995,1188,6,133.0,9.0,,,0.0,0.0,1.0,0,0,0.0
119,WLStarLearner,PDFA - a14af1879277447586bc511c78ea513e,54,54,3,0.7914925910299644,1188,6,133.0,9.0,,,0.0,0.0,1.0,0,0,0.0
120,WLStarLearner,PDFA - a14af1879277447586bc511c78ea513e,54,54,4,0.7952494280179963,1188,6,133.0,9.0,,,0.0,0.0,1.0,0,0,0.0
121,WLStarLearner,PDFA - a14af1879277447586bc511c78ea513e,54,54,5,0.8052598519716412,1188,6,133.0,9.0,,,0.0,0.0,1.0,0,0,0.0
122,WLStarLearner,PDFA - a14af1879277447586bc511c78ea513e,54,54,6,0.8060875290539116,1188,6,133.0,9.0,,,0.0,0.0,1.0,0,0,0.0
123,WLStarLearner,PDFA - a14af1879277447586bc511c78ea513e,54,54,7,0.8703456689836457,1188,6,133.0,9.0,,,0.0,0.0,1.0,0,0,0.0
124,WLStarLearner,PDFA - a14af1879277447586bc511c78ea513e,54,54,8,0.882828664034605,1188,6,133.0,9.0,,,0.0,0.0,1.0,0,0,0.0
125,WLStarLearner,PDFA - a14af1879277447586bc511c78ea513e,54,54,9,0.790592374978587,1188,6,133.0,9.0,,,0.0,0.0,1.0,0,0,0.0
126,WLStarLearner,PDFA - e9e6092496f14610a5d6fd6be32c2252,305,305,1,101.77556433202699,7611,9,635.0,12.0,,,0.0,0.0,1.0,0,0,0.0
127,WLStarLearner,PDFA - e9e6092496f14610a5d6fd6be32c2252,305,305,2,101.97874179598875,7611,9,635.0,12.0,,,0.0,0.0,1.0,0,0,0.0
128,WLStarLearner,PDFA - e9e6092496f14610a5d6fd6be32c2252,305,305,3,102.2817080289824,7611,9,635.0,12.0,,,0.0,0.0,1.0,0,0,0.0
129,WLStarLearner,PDFA - e9e6092496f14610a5d6fd6be32c2252,305,305,4,101.51163452805486,7611,9,635.0,12.0,,,0.0,0.0,1.0,0,0,0.0
130,WLStarLearner,PDFA - e9e6092496f14610a5d6fd6be32c2252,305,305,5,102.87239711999428,7611,9,635.0,12.0,,,0.0,0.0,1.0,0,0,0.0
131,WLStarLearner,PDFA - e9e6092496f14610a5d6fd6be32c2252,305,305,6,101.61003637092654,7611,9,635.0,12.0,,,0.0,0.0,1.0,0,0,0.0
132,WLStarLearner,PDFA - e9e6092496f14610a5d6fd6be32c2252,305,305,7,102.6786856520921,7611,9,635.0,12.0,,,0.0,0.0,1.0,0,0,0.0
133,WLStarLearner,PDFA - e9e6092496f14610a5d6fd6be32c2252,305,305,8,103.93710178101901,7611,9,635.0,12.0,,,0.0,0.0,1.0,0,0,0.0
134,WLStarLearner,PDFA - e9e6092496f14610a5d6fd6be32c2252,305,305,9,101.78325388894882,7611,9,635.0,12.0,,,0.0,0.0,1.0,0,0,0.0
135,WLStarLearner,PDFA - 481e8ebcc9464e67afb24b58f5823b0d,107,107,1,3.277108564041555,2232,6,249.0,9.0,,,0.0,0.0,1.0,0,0,0.0
136,WLStarLearner,PDFA - 481e8ebcc9464e67afb24b58f5823b0d,107,107,2,3.3400201649637893,2232,6,249.0,9.0,,,0.0,0.0,1.0,0,0,0.0
137,WLStarLearner,PDFA - 481e8ebcc9464e67afb24b58f5823b0d,107,107,3,3.358148598927073,2232,6,249.0,9.0,,,0.0,0.0,1.0,0,0,0.0
138,WLStarLearner,PDFA - 481e8ebcc9464e67afb24b58f5823b0d,107,107,4,3.333914548973553,2232,6,249.0,9.0,,,0.0,0.0,1.0,0,0,0.0
139,WLStarLearner,PDFA - 481e8ebcc9464e67afb24b58f5823b0d,107,107,5,3.3079587729880586,2232,6,249.0,9.0,,,0.0,0.0,1.0,0,0,0.0
140,WLStarLearner,PDFA - 481e8ebcc9464e67afb24b58f5823b0d,107,107,6,3.340061026974581,2232,6,249.0,9.0,,,0.0,0.0,1.0,0,0,0.0
141,WLStarLearner,PDFA - 481e8ebcc9464e67afb24b58f5823b0d,107,107,7,3.320449210004881,2232,6,249.0,9.0,,,0.0,0.0,1.0,0,0,0.0
142,WLStarLearner,PDFA - 481e8ebcc9464e67afb24b58f5823b0d,107,107,8,3.284045630018227,2232,6,249.0,9.0,,,0.0,0.0,1.0,0,0,0.0
143,WLStarLearner,PDFA - 481e8ebcc9464e67afb24b58f5823b0d,107,107,9,3.3557623949600384,2232,6,249.0,9.0,,,0.0,0.0,1.0,0,0,0.0
144,WLStarLearner,PDFA - e8e6f6bd62c94bbba4b25dc5d61e770b,200,200,1,25.29096195695456,4201,8,421.0,10.0,,,0.0,0.0,1.0,0,0,0.0
145,WLStarLearner,PDFA - e8e6f6bd62c94bbba4b25dc5d61e770b,200,200,2,25.961948682088405,4201,8,421.0,10.0,,,0.0,0.0,1.0,0,0,0.0
146,WLStarLearner,PDFA - e8e6f6bd62c94bbba4b25dc5d61e770b,200,200,3,25.32353649509605,4201,8,421.0,10.0,,,0.0,0.0,1.0,0,0,0.0
147,WLStarLearner,PDFA - e8e6f6bd62c94bbba4b25dc5d61e770b,200,200,4,25.412537103984505,4201,8,421.0,10.0,,,0.0,0.0,1.0,0,0,0.0
148,WLStarLearner,PDFA - e8e6f6bd62c94bbba4b25dc5d61e770b,200,200,5,25.500009784009308,4201,8,421.0,10.0,,,0.0,0.0,1.0,0,0,0.0
149,WLStarLearner,PDFA - e8e6f6bd62c94bbba4b25dc5d61e770b,200,200,6,24.959168298984878,4201,8,421.0,10.0,,,0.0,0.0,1.0,0,0,0.0
150,WLStarLearner,PDFA - e8e6f6bd62c94bbba4b25dc5d61e770b,200,200,7,25.201967681059614,4201,8,421.0,10.0,,,0.0,0.0,1.0,0,0,0.0
151,WLStarLearner,PDFA - e8e6f6bd62c94bbba4b25dc5d61e770b,200,200,8,25.552908314042725,4201,8,421.0,10.0,,,0.0,0.0,1.0,0,0,0.0
152,WLStarLearner,PDFA - e8e6f6bd62c94bbba4b25dc5d61e770b,200,200,9,25.62003738398198,4201,8,421.0,10.0,,,0.0,0.0,1.0,0,0,0.0
153,WLStarLearner,PDFA - fd67bb3ff3d64b3fabaef5ec9b57197c,88,88,1,1.4931454820325598,1258,4,181.0,7.0,,,0.0,0.0,1.0,0,0,0.0
154,WLStarLearner,PDFA - fd67bb3ff3d64b3fabaef5ec9b57197c,88,88,2,1.5290803640382364,1258,4,181.0,7.0,,,0.0,0.0,1.0,0,0,0.0
155,WLStarLearner,PDFA - fd67bb3ff3d64b3fabaef5ec9b57197c,88,88,3,1.4453058548970148,1258,4,181.0,7.0,,,0.0,0.0,1.0,0,0,0.0
156,WLStarLearner,PDFA - fd67bb3ff3d64b3fabaef5ec9b57197c,88,88,4,1.4758187270490453,1258,4,181.0,7.0,,,0.0,0.0,1.0,0,0,0.0
157,WLStarLearner,PDFA - fd67bb3ff3d64b3fabaef5ec9b57197c,88,88,5,1.5206847919616848,1258,4,181.0,7.0,,,0.0,0.0,1.0,0,0,0.0
158,WLStarLearner,PDFA - fd67bb3ff3d64b3fabaef5ec9b57197c,88,88,6,1.4747672439552844,1258,4,181.0,7.0,,,0.0,0.0,1.0,0,0,0.0
159,WLStarLearner,PDFA - fd67bb3ff3d64b3fabaef5ec9b57197c,88,88,7,1.5027995439013466,1258,4,181.0,7.0,,,0.0,0.0,1.0,0,0,0.0
160,WLStarLearner,PDFA - fd67bb3ff3d64b3fabaef5ec9b57197c,88,88,8,1.498971778084524,1258,4,181.0,7.0,,,0.0,0.0,1.0,0,0,0.0
161,WLStarLearner,PDFA - fd67bb3ff3d64b3fabaef5ec9b57197c,88,88,9,1.5267505599185824,1258,4,181.0,7.0,,,0.0,0.0,1.0,0,0,0.0
162,WLStarLearner,PDFA - bd39014a86024f268832f02a5a319160,91,90,1,2.5638148130383343,2041,8,205.0,10.0,,,9.427485689386117e-07,0.0,1.0,0,0,0.0
163,WLStarLearner,PDFA - bd39014a86024f268832f02a5a319160,91,90,2,2.4102413149084896,2041,8,205.0,10.0,,,9.427485689386117e-07,0.0,1.0,0,0,0.0
164,WLStarLearner,PDFA - bd39014a86024f268832f02a5a319160,91,90,3,2.350633652997203,2041,8,205.0,10.0,,,9.427485689386117e-07,0.0,1.0,0,0,0.0
165,WLStarLearner,PDFA - bd39014a86024f268832f02a5a319160,91,90,4,2.3486826840089634,2041,8,205.0,10.0,,,9.427485689386117e-07,0.0,1.0,0,0,0.0
166,WLStarLearner,PDFA - bd39014a86024f268832f02a5a319160,91,90,5,2.3595283159520477,2041,8,205.0,10.0,,,9.427485689386117e-07,0.0,1.0,0,0,0.0
167,WLStarLearner,PDFA - bd39014a86024f268832f02a5a319160,91,90,6,2.3207804339472204,2041,8,205.0,10.0,,,9.427485689386117e-07,0.0,1.0,0,0,0.0
168,WLStarLearner,PDFA - bd39014a86024f268832f02a5a319160,91,90,7,2.3195310960290954,2041,8,205.0,10.0,,,9.427485689386117e-07,0.0,1.0,0,0,0.0
169,WLStarLearner,PDFA - bd39014a86024f268832f02a5a319160,91,90,8,2.326447377097793,2041,8,205.0,10.0,,,9.427485689386117e-07,0.0,1.0,0,0,0.0
170,WLStarLearner,PDFA - bd39014a86024f268832f02a5a319160,91,90,9,2.3401184119284153,2041,8,205.0,10.0,,,9.427485689386117e-07,0.0,1.0,0,0,0.0
171,WLStarLearner,PDFA - e3fd06176e94418dada0cdb65773311e,100,100,1,2.8010382540524006,1775,6,223.0,8.0,,,0.0,0.0,1.0,0,0,0.0
172,WLStarLearner,PDFA - e3fd06176e94418dada0cdb65773311e,100,100,2,2.707420611055568,1775,6,223.0,8.0,,,0.0,0.0,1.0,0,0,0.0
173,WLStarLearner,PDFA - e3fd06176e94418dada0cdb65773311e,100,100,3,2.7569600068964064,1775,6,223.0,8.0,,,0.0,0.0,1.0,0,0,0.0
174,WLStarLearner,PDFA - e3fd06176e94418dada0cdb65773311e,100,100,4,2.840035961009562,1775,6,223.0,8.0,,,0.0,0.0,1.0,0,0,0.0
175,WLStarLearner,PDFA - e3fd06176e94418dada0cdb65773311e,100,100,5,2.839504419011064,1775,6,223.0,8.0,,,0.0,0.0,1.0,0,0,0.0
176,WLStarLearner,PDFA - e3fd06176e94418dada0cdb65773311e,100,100,6,2.817206949926913,1775,6,223.0,8.0,,,0.0,0.0,1.0,0,0,0.0
177,WLStarLearner,PDFA - e3fd06176e94418dada0cdb65773311e,100,100,7,2.8427654770202935,1775,6,223.0,8.0,,,0.0,0.0,1.0,0,0,0.0
178,WLStarLearner,PDFA - e3fd06176e94418dada0cdb65773311e,100,100,8,2.7113141879672185,1775,6,223.0,8.0,,,0.0,0.0,1.0,0,0,0.0
179,WLStarLearner,PDFA - e3fd06176e94418dada0cdb65773311e,100,100,9,2.7080901629524305,1775,6,223.0,8.0,,,0.0,0.0,1.0,0,0,0.0
180,WLStarLearner,PDFA - ed41fc527bf3484482d3b08ec71871ed,190,190,1,19.856019363040105,4021,7,403.0,10.0,,,0.0,0.0,1.0,0,0,0.0
181,WLStarLearner,PDFA - ed41fc527bf3484482d3b08ec71871ed,190,190,2,19.317096394952387,4021,7,403.0,10.0,,,0.0,0.0,1.0,0,0,0.0
182,WLStarLearner,PDFA - ed41fc527bf3484482d3b08ec71871ed,190,190,3,19.480740131926723,4021,7,403.0,10.0,,,0.0,0.0,1.0,0,0,0.0
183,WLStarLearner,PDFA - ed41fc527bf3484482d3b08ec71871ed,190,190,4,19.507254200056195,4021,7,403.0,10.0,,,0.0,0.0,1.0,0,0,0.0
184,WLStarLearner,PDFA - ed41fc527bf3484482d3b08ec71871ed,190,190,5,19.687230492010713,4021,7,403.0,10.0,,,0.0,0.0,1.0,0,0,0.0
185,WLStarLearner,PDFA - ed41fc527bf3484482d3b08ec71871ed,190,190,6,19.413578585954383,4021,7,403.0,10.0,,,0.0,0.0,1.0,0,0,0.0
186,WLStarLearner,PDFA - ed41fc527bf3484482d3b08ec71871ed,190,190,7,19.44045851402916,4021,7,403.0,10.0,,,0.0,0.0,1.0,0,0,0.0
187,WLStarLearner,PDFA - ed41fc527bf3484482d3b08ec71871ed,190,190,8,19.413299335050397,4021,7,403.0,10.0,,,0.0,0.0,1.0,0,0,0.0
188,WLStarLearner,PDFA - ed41fc527bf3484482d3b08ec71871ed,190,190,9,19.93161769793369,4021,7,403.0,10.0,,,0.0,0.0,1.0,0,0,0.0
189,WLStarLearner,PDFA - bddf6bb3a73d4d1c81a44ff208f8f26a,207,207,1,26.048277575988322,4666,9,425.0,11.0,,,0.0,0.0,1.0,0,0,0.0
190,WLStarLearner,PDFA - bddf6bb3a73d4d1c81a44ff208f8f26a,207,207,2,26.02578208805062,4666,9,425.0,11.0,,,0.0,0.0,1.0,0,0,0.0
191,WLStarLearner,PDFA - bddf6bb3a73d4d1c81a44ff208f8f26a,207,207,3,25.952451904071495,4666,9,425.0,11.0,,,0.0,0.0,1.0,0,0,0.0
192,WLStarLearner,PDFA - bddf6bb3a73d4d1c81a44ff208f8f26a,207,207,4,25.755863256054,4666,9,425.0,11.0,,,0.0,0.0,1.0,0,0,0.0
193,WLStarLearner,PDFA - bddf6bb3a73d4d1c81a44ff208f8f26a,207,207,5,26.12240697699599,4666,9,425.0,11.0,,,0.0,0.0,1.0,0,0,0.0
194,WLStarLearner,PDFA - bddf6bb3a73d4d1c81a44ff208f8f26a,207,207,6,25.858241422916763,4666,9,425.0,11.0,,,0.0,0.0,1.0,0,0,0.0
195,WLStarLearner,PDFA - bddf6bb3a73d4d1c81a44ff208f8f26a,207,207,7,25.93292610591743,4666,9,425.0,11.0,,,0.0,0.0,1.0,0,0,0.0
196,WLStarLearner,PDFA - bddf6bb3a73d4d1c81a44ff208f8f26a,207,207,8,25.95899106701836,4666,9,425.0,11.0,,,0.0,0.0,1.0,0,0,0.0
197,WLStarLearner,PDFA - bddf6bb3a73d4d1c81a44ff208f8f26a,207,207,9,26.245702572050504,4666,9,425.0,11.0,,,0.0,0.0,1.0,0,0,0.0
198,WLStarLearner,PDFA - c5a86b4f1fde4519b5b542edcc36d357,98,98,1,3.1177072710124776,1998,7,223.0,9.0,,,0.0,0.0,1.0,0,0,0.0
199,WLStarLearner,PDFA - c5a86b4f1fde4519b5b542edcc36d357,98,98,2,3.1473092240048572,1998,7,223.0,9.0,,,0.0,0.0,1.0,0,0,0.0
200,WLStarLearner,PDFA - c5a86b4f1fde4519b5b542edcc36d357,98,98,3,3.1507853739894927,1998,7,223.0,9.0,,,0.0,0.0,1.0,0,0,0.0
201,WLStarLearner,PDFA - c5a86b4f1fde4519b5b542edcc36d357,98,98,4,3.1169699549209327,1998,7,223.0,9.0,,,0.0,0.0,1.0,0,0,0.0
202,WLStarLearner,PDFA - c5a86b4f1fde4519b5b542edcc36d357,98,98,5,3.1223214669153094,1998,7,223.0,9.0,,,0.0,0.0,1.0,0,0,0.0
203,WLStarLearner,PDFA - c5a86b4f1fde4519b5b542edcc36d357,98,98,6,3.164921949035488,1998,7,223.0,9.0,,,0.0,0.0,1.0,0,0,0.0
204,WLStarLearner,PDFA - c5a86b4f1fde4519b5b542edcc36d357,98,98,7,3.3826624610228464,1998,7,223.0,9.0,,,0.0,0.0,1.0,0,0,0.0
205,WLStarLearner,PDFA - c5a86b4f1fde4519b5b542edcc36d357,98,98,8,3.1039995800238103,1998,7,223.0,9.0,,,0.0,0.0,1.0,0,0,0.0
206,WLStarLearner,PDFA - c5a86b4f1fde4519b5b542edcc36d357,98,98,9,3.124592624953948,1998,7,223.0,9.0,,,0.0,0.0,1.0,0,0,0.0
207,WLStarLearner,PDFA - 24118a089e664a7dbeae17fb679a3e70,191,191,1,16.824726743041538,4081,7,409.0,10.0,,,0.0,0.0,1.0,0,0,0.0
208,WLStarLearner,PDFA - 24118a089e664a7dbeae17fb679a3e70,191,191,2,16.500260769971646,4081,7,409.0,10.0,,,0.0,0.0,1.0,0,0,0.0
209,WLStarLearner,PDFA - 24118a089e664a7dbeae17fb679a3e70,191,191,3,16.83000533899758,4081,7,409.0,10.0,,,0.0,0.0,1.0,0,0,0.0
210,WLStarLearner,PDFA - 24118a089e664a7dbeae17fb679a3e70,191,191,4,16.926946152932942,4081,7,409.0,10.0,,,0.0,0.0,1.0,0,0,0.0
211,WLStarLearner,PDFA - 24118a089e664a7dbeae17fb679a3e70,191,191,5,16.795075746020302,4081,7,409.0,10.0,,,0.0,0.0,1.0,0,0,0.0
212,WLStarLearner,PDFA - 24118a089e664a7dbeae17fb679a3e70,191,191,6,16.712671926012263,4081,7,409.0,10.0,,,0.0,0.0,1.0,0,0,0.0
213,WLStarLearner,PDFA - 24118a089e664a7dbeae17fb679a3e70,191,191,7,16.927938555949368,4081,7,409.0,10.0,,,0.0,0.0,1.0,0,0,0.0
214,WLStarLearner,PDFA - 24118a089e664a7dbeae17fb679a3e70,191,191,8,16.782368145068176,4081,7,409.0,10.0,,,0.0,0.0,1.0,0,0,0.0
215,WLStarLearner,PDFA - 24118a089e664a7dbeae17fb679a3e70,191,191,9,16.693054276052862,4081,7,409.0,10.0,,,0.0,0.0,1.0,0,0,0.0
216,WLStarLearner,PDFA - 43196a148b23449e8c645fb1e7a72701,215,215,1,23.940530901076272,4908,8,447.0,11.0,,,0.0,0.0,1.0,0,0,0.0
217,WLStarLearner,PDFA - 43196a148b23449e8c645fb1e7a72701,215,215,2,24.525810418999754,4908,8,447.0,11.0,,,0.0,0.0,1.0,0,0,0.0
218,WLStarLearner,PDFA - 43196a148b23449e8c645fb1e7a72701,215,215,3,23.958193224971183,4908,8,447.0,11.0,,,0.0,0.0,1.0,0,0,0.0
219,WLStarLearner,PDFA - 43196a148b23449e8c645fb1e7a72701,215,215,4,23.944359780987725,4908,8,447.0,11.0,,,0.0,0.0,1.0,0,0,0.0
220,WLStarLearner,PDFA - 43196a148b23449e8c645fb1e7a72701,215,215,5,23.98602755891625,4908,8,447.0,11.0,,,0.0,0.0,1.0,0,0,0.0
221,WLStarLearner,PDFA - 43196a148b23449e8c645fb1e7a72701,215,215,6,23.846040372969583,4908,8,447.0,11.0,,,0.0,0.0,1.0,0,0,0.0
222,WLStarLearner,PDFA - 43196a148b23449e8c645fb1e7a72701,215,215,7,24.033331759041175,4908,8,447.0,11.0,,,0.0,0.0,1.0,0,0,0.0
223,WLStarLearner,PDFA - 43196a148b23449e8c645fb1e7a72701,215,215,8,24.028569573070854,4908,8,447.0,11.0,,,0.0,0.0,1.0,0,0,0.0
224,WLStarLearner,PDFA - 43196a148b23449e8c645fb1e7a72701,215,215,9,24.247377582010813,4908,8,447.0,11.0,,,0.0,0.0,1.0,0,0,0.0
225,WLStarLearner,PDFA - 2a34c2bbdaba442a879b7752a3118db6,94,94,1,2.0466161859221756,1551,6,195.0,8.0,,,0.0,0.0,1.0,0,0,0.0
226,WLStarLearner,PDFA - 2a34c2bbdaba442a879b7752a3118db6,94,94,2,2.083671681000851,1551,6,195.0,8.0,,,0.0,0.0,1.0,0,0,0.0
227,WLStarLearner,PDFA - 2a34c2bbdaba442a879b7752a3118db6,94,94,3,2.095458287978545,1551,6,195.0,8.0,,,0.0,0.0,1.0,0,0,0.0
228,WLStarLearner,PDFA - 2a34c2bbdaba442a879b7752a3118db6,94,94,4,2.0924413960892707,1551,6,195.0,8.0,,,0.0,0.0,1.0,0,0,0.0
229,WLStarLearner,PDFA - 2a34c2bbdaba442a879b7752a3118db6,94,94,5,2.120307013974525,1551,6,195.0,8.0,,,0.0,0.0,1.0,0,0,0.0
230,WLStarLearner,PDFA - 2a34c2bbdaba442a879b7752a3118db6,94,94,6,2.052313265041448,1551,6,195.0,8.0,,,0.0,0.0,1.0,0,0,0.0
231,WLStarLearner,PDFA - 2a34c2bbdaba442a879b7752a3118db6,94,94,7,2.1285420201020315,1551,6,195.0,8.0,,,0.0,0.0,1.0,0,0,0.0
232,WLStarLearner,PDFA - 2a34c2bbdaba442a879b7752a3118db6,94,94,8,2.096964985015802,1551,6,195.0,8.0,,,0.0,0.0,1.0,0,0,0.0
233,WLStarLearner,PDFA - 2a34c2bbdaba442a879b7752a3118db6,94,94,9,2.0468359489459544,1551,6,195.0,8.0,,,0.0,0.0,1.0,0,0,0.0
234,WLStarLearner,PDFA - 0b88acf6797e4da2824c26339679ebbb,49,49,1,0.44877536105923355,754,5,109.0,7.0,,,0.0,0.0,1.0,0,0,0.0
235,WLStarLearner,PDFA - 0b88acf6797e4da2824c26339679ebbb,49,49,2,0.43413533503189683,754,5,109.0,7.0,,,0.0,0.0,1.0,0,0,0.0
236,WLStarLearner,PDFA - 0b88acf6797e4da2824c26339679ebbb,49,49,3,0.4675899080466479,754,5,109.0,7.0,,,0.0,0.0,1.0,0,0,0.0
237,WLStarLearner,PDFA - 0b88acf6797e4da2824c26339679ebbb,49,49,4,0.4652543319389224,754,5,109.0,7.0,,,0.0,0.0,1.0,0,0,0.0
238,WLStarLearner,PDFA - 0b88acf6797e4da2824c26339679ebbb,49,49,5,0.4326275549829006,754,5,109.0,7.0,,,0.0,0.0,1.0,0,0,0.0
239,WLStarLearner,PDFA - 0b88acf6797e4da2824c26339679ebbb,49,49,6,0.43336086301133037,754,5,109.0,7.0,,,0.0,0.0,1.0,0,0,0.0
240,WLStarLearner,PDFA - 0b88acf6797e4da2824c26339679ebbb,49,49,7,0.4441999529954046,754,5,109.0,7.0,,,0.0,0.0,1.0,0,0,0.0
241,WLStarLearner,PDFA - 0b88acf6797e4da2824c26339679ebbb,49,49,8,0.48168999201152474,754,5,109.0,7.0,,,0.0,0.0,1.0,0,0,0.0
242,WLStarLearner,PDFA - 0b88acf6797e4da2824c26339679ebbb,49,49,9,0.43318553699646145,754,5,109.0,7.0,,,0.0,0.0,1.0,0,0,0.0
243,WLStarLearner,PDFA - 08af69686ef14f69ad28ca66c3ffec0f,309,309,1,69.64440671599004,7196,7,655.0,11.0,,,0.0,0.0,1.0,0,0,0.0
244,WLStarLearner,PDFA - 08af69686ef14f69ad28ca66c3ffec0f,309,309,2,70.05147396400571,7196,7,655.0,11.0,,,0.0,0.0,1.0,0,0,0.0
245,WLStarLearner,PDFA - 08af69686ef14f69ad28ca66c3ffec0f,309,309,3,69.45527192694135,7196,7,655.0,11.0,,,0.0,0.0,1.0,0,0,0.0
246,WLStarLearner,PDFA - 08af69686ef14f69ad28ca66c3ffec0f,309,309,4,69.43560950492974,7196,7,655.0,11.0,,,0.0,0.0,1.0,0,0,0.0
247,WLStarLearner,PDFA - 08af69686ef14f69ad28ca66c3ffec0f,309,309,5,68.17483054799959,7196,7,655.0,11.0,,,0.0,0.0,1.0,0,0,0.0
248,WLStarLearner,PDFA - 08af69686ef14f69ad28ca66c3ffec0f,309,309,6,69.0106056589866,7196,7,655.0,11.0,,,0.0,0.0,1.0,0,0,0.0
249,WLStarLearner,PDFA - 08af69686ef14f69ad28ca66c3ffec0f,309,309,7,68.52090444101486,7196,7,655.0,11.0,,,0.0,0.0,1.0,0,0,0.0
250,WLStarLearner,PDFA - 08af69686ef14f69ad28ca66c3ffec0f,309,309,8,70.05026927997824,7196,7,655.0,11.0,,,0.0,0.0,1.0,0,0,0.0
251,WLStarLearner,PDFA - 08af69686ef14f69ad28ca66c3ffec0f,309,309,9,68.71255923598073,7196,7,655.0,11.0,,,0.0,0.0,1.0,0,0,0.0
252,WLStarLearner,PDFA - 7df0c16954e34a689626f6209885a3e1,102,102,1,4.914407350006513,2361,7,237.0,10.0,,,0.0,0.0,1.0,0,0,0.0
253,WLStarLearner,PDFA - 7df0c16954e34a689626f6209885a3e1,102,102,2,4.9248644929612055,2361,7,237.0,10.0,,,0.0,0.0,1.0,0,0,0.0
254,WLStarLearner,PDFA - 7df0c16954e34a689626f6209885a3e1,102,102,3,4.900121378013864,2361,7,237.0,10.0,,,0.0,0.0,1.0,0,0,0.0
255,WLStarLearner,PDFA - 7df0c16954e34a689626f6209885a3e1,102,102,4,4.920302200014703,2361,7,237.0,10.0,,,0.0,0.0,1.0,0,0,0.0
256,WLStarLearner,PDFA - 7df0c16954e34a689626f6209885a3e1,102,102,5,4.888857917045243,2361,7,237.0,10.0,,,0.0,0.0,1.0,0,0,0.0
257,WLStarLearner,PDFA - 7df0c16954e34a689626f6209885a3e1,102,102,6,4.869106660946272,2361,7,237.0,10.0,,,0.0,0.0,1.0,0,0,0.0
258,WLStarLearner,PDFA - 7df0c16954e34a689626f6209885a3e1,102,102,7,4.90607462299522,2361,7,237.0,10.0,,,0.0,0.0,1.0,0,0,0.0
259,WLStarLearner,PDFA - 7df0c16954e34a689626f6209885a3e1,102,102,8,4.842924307100475,2361,7,237.0,10.0,,,0.0,0.0,1.0,0,0,0.0
260,WLStarLearner,PDFA - 7df0c16954e34a689626f6209885a3e1,102,102,9,4.875487525016069,2361,7,237.0,10.0,,,0.0,0.0,1.0,0,0,0.0
261,WLStarLearner,PDFA - fe56b5f87d1643f4a276ce9e46607450,52,52,1,0.743290598038584,1023,6,129.0,8.0,,,0.0,0.0,1.0,0,0,0.0
262,WLStarLearner,PDFA - fe56b5f87d1643f4a276ce9e46607450,52,52,2,0.80295765993651,1023,6,129.0,8.0,,,0.0,0.0,1.0,0,0,0.0
263,WLStarLearner,PDFA - fe56b5f87d1643f4a276ce9e46607450,52,52,3,0.7769356200005859,1023,6,129.0,8.0,,,0.0,0.0,1.0,0,0,0.0
264,WLStarLearner,PDFA - fe56b5f87d1643f4a276ce9e46607450,52,52,4,0.7373774570878595,1023,6,129.0,8.0,,,0.0,0.0,1.0,0,0,0.0
265,WLStarLearner,PDFA - fe56b5f87d1643f4a276ce9e46607450,52,52,5,0.7911932689603418,1023,6,129.0,8.0,,,0.0,0.0,1.0,0,0,0.0
266,WLStarLearner,PDFA - fe56b5f87d1643f4a276ce9e46607450,52,52,6,0.7465395840117708,1023,6,129.0,8.0,,,0.0,0.0,1.0,0,0,0.0
267,WLStarLearner,PDFA - fe56b5f87d1643f4a276ce9e46607450,52,52,7,0.7677795339841396,1023,6,129.0,8.0,,,0.0,0.0,1.0,0,0,0.0
268,WLStarLearner,PDFA - fe56b5f87d1643f4a276ce9e46607450,52,52,8,0.7550032059662044,1023,6,129.0,8.0,,,0.0,0.0,1.0,0,0,0.0
269,WLStarLearner,PDFA - fe56b5f87d1643f4a276ce9e46607450,52,52,9,0.7521290250588208,1023,6,129.0,8.0,,,0.0,0.0,1.0,0,0,0.0
270,WLStarLearner,PDFA - 839797d6129d479cb3e956dd894b77a6,42,42,1,0.43346294097136706,783,6,99.0,8.0,,,0.0,0.0,1.0,0,0,0.0
271,WLStarLearner,PDFA - 839797d6129d479cb3e956dd894b77a6,42,42,2,0.41994224104564637,783,6,99.0,8.0,,,0.0,0.0,1.0,0,0,0.0
272,WLStarLearner,PDFA - 839797d6129d479cb3e956dd894b77a6,42,42,3,0.40972331108059734,783,6,99.0,8.0,,,0.0,0.0,1.0,0,0,0.0
273,WLStarLearner,PDFA - 839797d6129d479cb3e956dd894b77a6,42,42,4,0.4065939199645072,783,6,99.0,8.0,,,0.0,0.0,1.0,0,0,0.0
274,WLStarLearner,PDFA - 839797d6129d479cb3e956dd894b77a6,42,42,5,0.4285993059165776,783,6,99.0,8.0,,,0.0,0.0,1.0,0,0,0.0
275,WLStarLearner,PDFA - 839797d6129d479cb3e956dd894b77a6,42,42,6,0.4086083529982716,783,6,99.0,8.0,,,0.0,0.0,1.0,0,0,0.0
276,WLStarLearner,PDFA - 839797d6129d479cb3e956dd894b77a6,42,42,7,0.4127112339483574,783,6,99.0,8.0,,,0.0,0.0,1.0,0,0,0.0
277,WLStarLearner,PDFA - 839797d6129d479cb3e956dd894b77a6,42,42,8,0.45764966891147196,783,6,99.0,8.0,,,0.0,0.0,1.0,0,0,0.0
278,WLStarLearner,PDFA - 839797d6129d479cb3e956dd894b77a6,42,42,9,0.41329153697006404,783,6,99.0,8.0,,,0.0,0.0,1.0,0,0,0.0
279,WLStarLearner,PDFA - 042a5f2a5701402aacf37a83b026e635,91,91,1,2.157214303035289,1567,6,197.0,8.0,,,0.0,0.0,1.0,0,0,0.0
280,WLStarLearner,PDFA - 042a5f2a5701402aacf37a83b026e635,91,91,2,2.2187088450882584,1567,6,197.0,8.0,,,0.0,0.0,1.0,0,0,0.0
281,WLStarLearner,PDFA - 042a5f2a5701402aacf37a83b026e635,91,91,3,2.1946542360819876,1567,6,197.0,8.0,,,0.0,0.0,1.0,0,0,0.0
282,WLStarLearner,PDFA - 042a5f2a5701402aacf37a83b026e635,91,91,4,2.123899037949741,1567,6,197.0,8.0,,,0.0,0.0,1.0,0,0,0.0
283,WLStarLearner,PDFA - 042a5f2a5701402aacf37a83b026e635,91,91,5,2.1340135500067845,1567,6,197.0,8.0,,,0.0,0.0,1.0,0,0,0.0
284,WLStarLearner,PDFA - 042a5f2a5701402aacf37a83b026e635,91,91,6,2.1497681100154296,1567,6,197.0,8.0,,,0.0,0.0,1.0,0,0,0.0
285,WLStarLearner,PDFA - 042a5f2a5701402aacf37a83b026e635,91,91,7,2.1792364680441096,1567,6,197.0,8.0,,,0.0,0.0,1.0,0,0,0.0
286,WLStarLearner,PDFA - 042a5f2a5701402aacf37a83b026e635,91,91,8,2.129545876989141,1567,6,197.0,8.0,,,0.0,0.0,1.0,0,0,0.0
287,WLStarLearner,PDFA - 042a5f2a5701402aacf37a83b026e635,91,91,9,2.1620163780171424,1567,6,197.0,8.0,,,0.0,0.0,1.0,0,0,0.0
288,WLStarLearner,PDFA - c65cf3a74e06464290502ccb63374203,296,296,1,78.67988916195463,6844,8,623.0,11.0,,,0.0,0.0,1.0,0,0,0.0
289,WLStarLearner,PDFA - c65cf3a74e06464290502ccb63374203,296,296,2,78.79684998292942,6844,8,623.0,11.0,,,0.0,0.0,1.0,0,0,0.0
290,WLStarLearner,PDFA - c65cf3a74e06464290502ccb63374203,296,296,3,77.97143645503093,6844,8,623.0,11.0,,,0.0,0.0,1.0,0,0,0.0
291,WLStarLearner,PDFA - c65cf3a74e06464290502ccb63374203,296,296,4,78.86386398097966,6844,8,623.0,11.0,,,0.0,0.0,1.0,0,0,0.0
292,WLStarLearner,PDFA - c65cf3a74e06464290502ccb63374203,296,296,5,78.64540001493879,6844,8,623.0,11.0,,,0.0,0.0,1.0,0,0,0.0
293,WLStarLearner,PDFA - c65cf3a74e06464290502ccb63374203,296,296,6,78.42403300700244,6844,8,623.0,11.0,,,0.0,0.0,1.0,0,0,0.0
294,WLStarLearner,PDFA - c65cf3a74e06464290502ccb63374203,296,296,7,78.27048429392744,6844,8,623.0,11.0,,,0.0,0.0,1.0,0,0,0.0
295,WLStarLearner,PDFA - c65cf3a74e06464290502ccb63374203,296,296,8,78.14792444498744,6844,8,623.0,11.0,,,0.0,0.0,1.0,0,0,0.0
296,WLStarLearner,PDFA - c65cf3a74e06464290502ccb63374203,296,296,9,77.96680546598509,6844,8,623.0,11.0,,,0.0,0.0,1.0,0,0,0.0
297,WLStarLearner,PDFA - 6709aba8753f4e58aa8f6e0eb05a6650,185,185,1,12.211483601015061,3023,6,379.0,8.0,,,0.0,0.0,1.0,0,0,0.0
298,WLStarLearner,PDFA - 6709aba8753f4e58aa8f6e0eb05a6650,185,185,2,12.392469311016612,3023,6,379.0,8.0,,,0.0,0.0,1.0,0,0,0.0
299,WLStarLearner,PDFA - 6709aba8753f4e58aa8f6e0eb05a6650,185,185,3,12.383882925030775,3023,6,379.0,8.0,,,0.0,0.0,1.0,0,0,0.0
300,WLStarLearner,PDFA - 6709aba8753f4e58aa8f6e0eb05a6650,185,185,4,12.504044029046781,3023,6,379.0,8.0,,,0.0,0.0,1.0,0,0,0.0
301,WLStarLearner,PDFA - 6709aba8753f4e58aa8f6e0eb05a6650,185,185,5,12.479618862038478,3023,6,379.0,8.0,,,0.0,0.0,1.0,0,0,0.0
302,WLStarLearner,PDFA - 6709aba8753f4e58aa8f6e0eb05a6650,185,185,6,12.142966991988942,3023,6,379.0,8.0,,,0.0,0.0,1.0,0,0,0.0
303,WLStarLearner,PDFA - 6709aba8753f4e58aa8f6e0eb05a6650,185,185,7,12.371632082038559,3023,6,379.0,8.0,,,0.0,0.0,1.0,0,0,0.0
304,WLStarLearner,PDFA - 6709aba8753f4e58aa8f6e0eb05a6650,185,185,8,12.561934572993778,3023,6,379.0,8.0,,,0.0,0.0,1.0,0,0,0.0
305,WLStarLearner,PDFA - 6709aba8753f4e58aa8f6e0eb05a6650,185,185,9,12.925145652960055,3023,6,379.0,8.0,,,0.0,0.0,1.0,0,0,0.0
306,WLStarLearner,PDFA - c16e9b6b85fc4d2eb4d995ab632bd725,103,103,1,2.9871649290435016,1727,6,217.0,8.0,,,0.0,0.0,1.0,0,0,0.0
307,WLStarLearner,PDFA - c16e9b6b85fc4d2eb4d995ab632bd725,103,103,2,3.0083394759567454,1727,6,217.0,8.0,,,0.0,0.0,1.0,0,0,0.0
308,WLStarLearner,PDFA - c16e9b6b85fc4d2eb4d995ab632bd725,103,103,3,3.0179805629886687,1727,6,217.0,8.0,,,0.0,0.0,1.0,0,0,0.0
309,WLStarLearner,PDFA - c16e9b6b85fc4d2eb4d995ab632bd725,103,103,4,3.022648378042504,1727,6,217.0,8.0,,,0.0,0.0,1.0,0,0,0.0
310,WLStarLearner,PDFA - c16e9b6b85fc4d2eb4d995ab632bd725,103,103,5,2.9302170160226524,1727,6,217.0,8.0,,,0.0,0.0,1.0,0,0,0.0
311,WLStarLearner,PDFA - c16e9b6b85fc4d2eb4d995ab632bd725,103,103,6,2.9171925670234486,1727,6,217.0,8.0,,,0.0,0.0,1.0,0,0,0.0
312,WLStarLearner,PDFA - c16e9b6b85fc4d2eb4d995ab632bd725,103,103,7,3.021185519057326,1727,6,217.0,8.0,,,0.0,0.0,1.0,0,0,0.0
313,WLStarLearner,PDFA - c16e9b6b85fc4d2eb4d995ab632bd725,103,103,8,2.9394867030205205,1727,6,217.0,8.0,,,0.0,0.0,1.0,0,0,0.0
314,WLStarLearner,PDFA - c16e9b6b85fc4d2eb4d995ab632bd725,103,103,9,3.0323018069611862,1727,6,217.0,8.0,,,0.0,0.0,1.0,0,0,0.0
315,WLStarLearner,PDFA - 152d1dad14a34ffeb7d509e890d8ba25,43,43,1,0.3235469979699701,698,5,101.0,7.0,,,0.0,0.0,1.0,0,0,0.0
316,WLStarLearner,PDFA - 152d1dad14a34ffeb7d509e890d8ba25,43,43,2,0.28798949904739857,698,5,101.0,7.0,,,0.0,0.0,1.0,0,0,0.0
317,WLStarLearner,PDFA - 152d1dad14a34ffeb7d509e890d8ba25,43,43,3,0.2880311730550602,698,5,101.0,7.0,,,0.0,0.0,1.0,0,0,0.0
318,WLStarLearner,PDFA - 152d1dad14a34ffeb7d509e890d8ba25,43,43,4,0.2924100790405646,698,5,101.0,7.0,,,0.0,0.0,1.0,0,0,0.0
319,WLStarLearner,PDFA - 152d1dad14a34ffeb7d509e890d8ba25,43,43,5,0.29195187997538596,698,5,101.0,7.0,,,0.0,0.0,1.0,0,0,0.0
320,WLStarLearner,PDFA - 152d1dad14a34ffeb7d509e890d8ba25,43,43,6,0.28891621506772935,698,5,101.0,7.0,,,0.0,0.0,1.0,0,0,0.0
321,WLStarLearner,PDFA - 152d1dad14a34ffeb7d509e890d8ba25,43,43,7,0.3087816199986264,698,5,101.0,7.0,,,0.0,0.0,1.0,0,0,0.0
322,WLStarLearner,PDFA - 152d1dad14a34ffeb7d509e890d8ba25,43,43,8,0.28622525196988136,698,5,101.0,7.0,,,0.0,0.0,1.0,0,0,0.0
323,WLStarLearner,PDFA - 152d1dad14a34ffeb7d509e890d8ba25,43,43,9,0.3003849070519209,698,5,101.0,7.0,,,0.0,0.0,1.0,0,0,0.0
324,WLStarLearner,PDFA - ca650ca242344f8f81e158027b57807d,193,193,1,15.611910865991376,3564,4,397.0,9.0,,,0.0,0.0,1.0,0,0,0.0
325,WLStarLearner,PDFA - ca650ca242344f8f81e158027b57807d,193,193,2,15.717325898003764,3564,4,397.0,9.0,,,0.0,0.0,1.0,0,0,0.0
326,WLStarLearner,PDFA - ca650ca242344f8f81e158027b57807d,193,193,3,15.885199872078374,3564,4,397.0,9.0,,,0.0,0.0,1.0,0,0,0.0
327,WLStarLearner,PDFA - ca650ca242344f8f81e158027b57807d,193,193,4,15.77879592194222,3564,4,397.0,9.0,,,0.0,0.0,1.0,0,0,0.0
328,WLStarLearner,PDFA - ca650ca242344f8f81e158027b57807d,193,193,5,15.733173748943955,3564,4,397.0,9.0,,,0.0,0.0,1.0,0,0,0.0
329,WLStarLearner,PDFA - ca650ca242344f8f81e158027b57807d,193,193,6,15.680831723031588,3564,4,397.0,9.0,,,0.0,0.0,1.0,0,0,0.0
330,WLStarLearner,PDFA - ca650ca242344f8f81e158027b57807d,193,193,7,15.738903028075583,3564,4,397.0,9.0,,,0.0,0.0,1.0,0,0,0.0
331,WLStarLearner,PDFA - ca650ca242344f8f81e158027b57807d,193,193,8,15.439115675049834,3564,4,397.0,9.0,,,0.0,0.0,1.0,0,0,0.0
332,WLStarLearner,PDFA - ca650ca242344f8f81e158027b57807d,193,193,9,15.86249280301854,3564,4,397.0,9.0,,,0.0,0.0,1.0,0,0,0.0
333,WLStarLearner,PDFA - 34fb807406c941619c4a134210679f53,50,49,1,0.37248326500412077,712,5,103.0,7.0,,,3.6395756444953517e-05,0.0,1.0,0,0,6.289999999998075e-06
334,WLStarLearner,PDFA - 34fb807406c941619c4a134210679f53,50,49,2,0.36069671099539846,712,5,103.0,7.0,,,3.6395756444953517e-05,0.0,1.0,0,0,6.289999999998075e-06
335,WLStarLearner,PDFA - 34fb807406c941619c4a134210679f53,50,49,3,0.36055534600745887,712,5,103.0,7.0,,,3.6395756444953517e-05,0.0,1.0,0,0,6.289999999998075e-06
336,WLStarLearner,PDFA - 34fb807406c941619c4a134210679f53,50,49,4,0.36347402702085674,712,5,103.0,7.0,,,3.6395756444953517e-05,0.0,1.0,0,0,6.289999999998075e-06
337,WLStarLearner,PDFA - 34fb807406c941619c4a134210679f53,50,49,5,0.3626485619461164,712,5,103.0,7.0,,,3.6395756444953517e-05,0.0,1.0,0,0,6.289999999998075e-06
338,WLStarLearner,PDFA - 34fb807406c941619c4a134210679f53,50,49,6,0.3999827430816367,712,5,103.0,7.0,,,3.6395756444953517e-05,0.0,1.0,0,0,6.289999999998075e-06
339,WLStarLearner,PDFA - 34fb807406c941619c4a134210679f53,50,49,7,0.3645880538970232,712,5,103.0,7.0,,,3.6395756444953517e-05,0.0,1.0,0,0,6.289999999998075e-06
340,WLStarLearner,PDFA - 34fb807406c941619c4a134210679f53,50,49,8,0.35124795604497194,712,5,103.0,7.0,,,3.6395756444953517e-05,0.0,1.0,0,0,6.289999999998075e-06
341,WLStarLearner,PDFA - 34fb807406c941619c4a134210679f53,50,49,9,0.37080149503890425,712,5,103.0,7.0,,,3.6395756444953517e-05,0.0,1.0,0,0,6.289999999998075e-06
342,WLStarLearner,PDFA - 006fbdeac4d04c05b5d859ae774b7318,292,292,1,76.8020981180016,7467,10,623.0,12.0,,,0.0,0.0,1.0,0,0,0.0
343,WLStarLearner,PDFA - 006fbdeac4d04c05b5d859ae774b7318,292,292,2,77.56178747490048,7467,10,623.0,12.0,,,0.0,0.0,1.0,0,0,0.0
344,WLStarLearner,PDFA - 006fbdeac4d04c05b5d859ae774b7318,292,292,3,76.1635978820268,7467,10,623.0,12.0,,,0.0,0.0,1.0,0,0,0.0
345,WLStarLearner,PDFA - 006fbdeac4d04c05b5d859ae774b7318,292,292,4,76.96658994897734,7467,10,623.0,12.0,,,0.0,0.0,1.0,0,0,0.0
346,WLStarLearner,PDFA - 006fbdeac4d04c05b5d859ae774b7318,292,292,5,76.2843018239364,7467,10,623.0,12.0,,,0.0,0.0,1.0,0,0,0.0
347,WLStarLearner,PDFA - 006fbdeac4d04c05b5d859ae774b7318,292,292,6,76.6873205419397,7467,10,623.0,12.0,,,0.0,0.0,1.0,0,0,0.0
348,WLStarLearner,PDFA - 006fbdeac4d04c05b5d859ae774b7318,292,292,7,76.64213577401824,7467,10,623.0,12.0,,,0.0,0.0,1.0,0,0,0.0
349,WLStarLearner,PDFA - 006fbdeac4d04c05b5d859ae774b7318,292,292,8,76.66043231997173,7467,10,623.0,12.0,,,0.0,0.0,1.0,0,0,0.0
350,WLStarLearner,PDFA - 006fbdeac4d04c05b5d859ae774b7318,292,292,9,76.21812570409384,7467,10,623.0,12.0,,,0.0,0.0,1.0,0,0,0.0
351,WLStarLearner,PDFA - aeeb69d026f24aa1aa7ed682045efb99,303,303,1,75.14497724408284,6261,7,627.0,10.0,,,0.0,0.0,1.0,0,0,0.0
352,WLStarLearner,PDFA - aeeb69d026f24aa1aa7ed682045efb99,303,303,2,76.17817578394897,6261,7,627.0,10.0,,,0.0,0.0,1.0,0,0,0.0
353,WLStarLearner,PDFA - aeeb69d026f24aa1aa7ed682045efb99,303,303,3,76.63387780601624,6261,7,627.0,10.0,,,0.0,0.0,1.0,0,0,0.0
354,WLStarLearner,PDFA - aeeb69d026f24aa1aa7ed682045efb99,303,303,4,75.44111752591562,6261,7,627.0,10.0,,,0.0,0.0,1.0,0,0,0.0
355,WLStarLearner,PDFA - aeeb69d026f24aa1aa7ed682045efb99,303,303,5,75.47052219894249,6261,7,627.0,10.0,,,0.0,0.0,1.0,0,0,0.0
356,WLStarLearner,PDFA - aeeb69d026f24aa1aa7ed682045efb99,303,303,6,75.43195918994024,6261,7,627.0,10.0,,,0.0,0.0,1.0,0,0,0.0
357,WLStarLearner,PDFA - aeeb69d026f24aa1aa7ed682045efb99,303,303,7,75.22411956603173,6261,7,627.0,10.0,,,0.0,0.0,1.0,0,0,0.0
358,WLStarLearner,PDFA - aeeb69d026f24aa1aa7ed682045efb99,303,303,8,75.53802724205889,6261,7,627.0,10.0,,,0.0,0.0,1.0,0,0,0.0
359,WLStarLearner,PDFA - aeeb69d026f24aa1aa7ed682045efb99,303,303,9,75.03272230294533,6261,7,627.0,10.0,,,0.0,0.0,1.0,0,0,0.0
360,QuantNaryTreeLearner,PDFA - 4e451446a3d14113960a490b313b439d,44,44,1,0.4478447699220851,495,20,,,3.0,18.0,0.0,0.0,1.0,0,0,0.0
361,QuantNaryTreeLearner,PDFA - 4e451446a3d14113960a490b313b439d,44,44,2,0.3700173569377512,495,20,,,3.0,18.0,0.0,0.0,1.0,0,0,0.0
362,QuantNaryTreeLearner,PDFA - 4e451446a3d14113960a490b313b439d,44,44,3,0.35644736397080123,495,20,,,3.0,18.0,0.0,0.0,1.0,0,0,0.0
363,QuantNaryTreeLearner,PDFA - 4e451446a3d14113960a490b313b439d,44,44,4,0.39421414607204497,495,20,,,3.0,18.0,0.0,0.0,1.0,0,0,0.0
364,QuantNaryTreeLearner,PDFA - 4e451446a3d14113960a490b313b439d,44,44,5,0.4819106459617615,495,20,,,3.0,18.0,0.0,0.0,1.0,0,0,0.0
365,QuantNaryTreeLearner,PDFA - 4e451446a3d14113960a490b313b439d,44,44,6,0.3691457789391279,495,20,,,3.0,18.0,0.0,0.0,1.0,0,0,0.0
366,QuantNaryTreeLearner,PDFA - 4e451446a3d14113960a490b313b439d,44,44,7,0.35425575403496623,495,20,,,3.0,18.0,0.0,0.0,1.0,0,0,0.0
367,QuantNaryTreeLearner,PDFA - 4e451446a3d14113960a490b313b439d,44,44,8,0.37327461305540055,495,20,,,3.0,18.0,0.0,0.0,1.0,0,0,0.0
368,QuantNaryTreeLearner,PDFA - 4e451446a3d14113960a490b313b439d,44,44,9,0.374265223974362,495,20,,,3.0,18.0,0.0,0.0,1.0,0,0,0.0
369,QuantNaryTreeLearner,PDFA - 052dd8831fd54da4acab051b7723b62a,307,307,1,22.768396144965664,3810,118,,,5.0,116.0,0.0,0.0,1.0,0,0,0.0
370,QuantNaryTreeLearner,PDFA - 052dd8831fd54da4acab051b7723b62a,307,307,2,22.898662901017815,3810,118,,,5.0,116.0,0.0,0.0,1.0,0,0,0.0
371,QuantNaryTreeLearner,PDFA - 052dd8831fd54da4acab051b7723b62a,307,307,3,23.006452512927353,3810,118,,,5.0,116.0,0.0,0.0,1.0,0,0,0.0
372,QuantNaryTreeLearner,PDFA - 052dd8831fd54da4acab051b7723b62a,307,307,4,23.07403314008843,3810,118,,,5.0,116.0,0.0,0.0,1.0,0,0,0.0
373,QuantNaryTreeLearner,PDFA - 052dd8831fd54da4acab051b7723b62a,307,307,5,22.886601345031522,3810,118,,,5.0,116.0,0.0,0.0,1.0,0,0,0.0
374,QuantNaryTreeLearner,PDFA - 052dd8831fd54da4acab051b7723b62a,307,307,6,22.607324506971054,3810,118,,,5.0,116.0,0.0,0.0,1.0,0,0,0.0
375,QuantNaryTreeLearner,PDFA - 052dd8831fd54da4acab051b7723b62a,307,307,7,22.94148335396312,3810,118,,,5.0,116.0,0.0,0.0,1.0,0,0,0.0
376,QuantNaryTreeLearner,PDFA - 052dd8831fd54da4acab051b7723b62a,307,307,8,22.900149672990665,3810,118,,,5.0,116.0,0.0,0.0,1.0,0,0,0.0
377,QuantNaryTreeLearner,PDFA - 052dd8831fd54da4acab051b7723b62a,307,307,9,23.51405185193289,3810,118,,,5.0,116.0,0.0,0.0,1.0,0,0,0.0
378,QuantNaryTreeLearner,PDFA - 93d9594ecc1c4344b9896a62f86940eb,293,293,1,19.63486437499523,3516,108,,,4.0,106.0,0.0,0.0,1.0,0,0,0.0
379,QuantNaryTreeLearner,PDFA - 93d9594ecc1c4344b9896a62f86940eb,293,293,2,19.801283329958096,3516,108,,,4.0,106.0,0.0,0.0,1.0,0,0,0.0
380,QuantNaryTreeLearner,PDFA - 93d9594ecc1c4344b9896a62f86940eb,293,293,3,19.88778850005474,3516,108,,,4.0,106.0,0.0,0.0,1.0,0,0,0.0
381,QuantNaryTreeLearner,PDFA - 93d9594ecc1c4344b9896a62f86940eb,293,293,4,19.66870192193892,3516,108,,,4.0,106.0,0.0,0.0,1.0,0,0,0.0
382,QuantNaryTreeLearner,PDFA - 93d9594ecc1c4344b9896a62f86940eb,293,293,5,19.772453931043856,3516,108,,,4.0,106.0,0.0,0.0,1.0,0,0,0.0
383,QuantNaryTreeLearner,PDFA - 93d9594ecc1c4344b9896a62f86940eb,293,293,6,19.7841642301064,3516,108,,,4.0,106.0,0.0,0.0,1.0,0,0,0.0
384,QuantNaryTreeLearner,PDFA - 93d9594ecc1c4344b9896a62f86940eb,293,293,7,19.909222753020003,3516,108,,,4.0,106.0,0.0,0.0,1.0,0,0,0.0
385,QuantNaryTreeLearner,PDFA - 93d9594ecc1c4344b9896a62f86940eb,293,293,8,19.63681448996067,3516,108,,,4.0,106.0,0.0,0.0,1.0,0,0,0.0
386,QuantNaryTreeLearner,PDFA - 93d9594ecc1c4344b9896a62f86940eb,293,293,9,19.815064708935097,3516,108,,,4.0,106.0,0.0,0.0,1.0,0,0,0.0
387,QuantNaryTreeLearner,PDFA - 3db4c08c1d4348b9ba0f69b5fa1c06ab,53,53,1,0.5529568999772891,618,24,,,4.0,22.0,0.0,0.0,1.0,0,0,0.0
388,QuantNaryTreeLearner,PDFA - 3db4c08c1d4348b9ba0f69b5fa1c06ab,53,53,2,0.5478564290096983,618,24,,,4.0,22.0,0.0,0.0,1.0,0,0,0.0
389,QuantNaryTreeLearner,PDFA - 3db4c08c1d4348b9ba0f69b5fa1c06ab,53,53,3,0.5216609620256349,618,24,,,4.0,22.0,0.0,0.0,1.0,0,0,0.0
390,QuantNaryTreeLearner,PDFA - 3db4c08c1d4348b9ba0f69b5fa1c06ab,53,53,4,0.5697924769483507,618,24,,,4.0,22.0,0.0,0.0,1.0,0,0,0.0
391,QuantNaryTreeLearner,PDFA - 3db4c08c1d4348b9ba0f69b5fa1c06ab,53,53,5,0.5140645080246031,618,24,,,4.0,22.0,0.0,0.0,1.0,0,0,0.0
392,QuantNaryTreeLearner,PDFA - 3db4c08c1d4348b9ba0f69b5fa1c06ab,53,53,6,0.5360075749922544,618,24,,,4.0,22.0,0.0,0.0,1.0,0,0,0.0
393,QuantNaryTreeLearner,PDFA - 3db4c08c1d4348b9ba0f69b5fa1c06ab,53,53,7,0.5065767369233072,618,24,,,4.0,22.0,0.0,0.0,1.0,0,0,0.0
394,QuantNaryTreeLearner,PDFA - 3db4c08c1d4348b9ba0f69b5fa1c06ab,53,53,8,0.5872890270547941,618,24,,,4.0,22.0,0.0,0.0,1.0,0,0,0.0
395,QuantNaryTreeLearner,PDFA - 3db4c08c1d4348b9ba0f69b5fa1c06ab,53,53,9,0.5263969179941341,618,24,,,4.0,22.0,0.0,0.0,1.0,0,0,0.0
396,QuantNaryTreeLearner,PDFA - dc045365472a4b2f8c9977247218e59a,200,200,1,9.652974899043329,2544,79,,,4.0,77.0,0.0,0.0,1.0,0,0,0.0
397,QuantNaryTreeLearner,PDFA - dc045365472a4b2f8c9977247218e59a,200,200,2,9.31768946594093,2544,79,,,4.0,77.0,0.0,0.0,1.0,0,0,0.0
398,QuantNaryTreeLearner,PDFA - dc045365472a4b2f8c9977247218e59a,200,200,3,9.233143158024177,2544,79,,,4.0,77.0,0.0,0.0,1.0,0,0,0.0
399,QuantNaryTreeLearner,PDFA - dc045365472a4b2f8c9977247218e59a,200,200,4,9.232465829933062,2544,79,,,4.0,77.0,0.0,0.0,1.0,0,0,0.0
400,QuantNaryTreeLearner,PDFA - dc045365472a4b2f8c9977247218e59a,200,200,5,9.314436487969942,2544,79,,,4.0,77.0,0.0,0.0,1.0,0,0,0.0
401,QuantNaryTreeLearner,PDFA - dc045365472a4b2f8c9977247218e59a,200,200,6,9.361626919009723,2544,79,,,4.0,77.0,0.0,0.0,1.0,0,0,0.0
402,QuantNaryTreeLearner,PDFA - dc045365472a4b2f8c9977247218e59a,200,200,7,9.297849368071184,2544,79,,,4.0,77.0,0.0,0.0,1.0,0,0,0.0
403,QuantNaryTreeLearner,PDFA - dc045365472a4b2f8c9977247218e59a,200,200,8,9.297421008930542,2544,79,,,4.0,77.0,0.0,0.0,1.0,0,0,0.0
404,QuantNaryTreeLearner,PDFA - dc045365472a4b2f8c9977247218e59a,200,200,9,9.274326291983016,2544,79,,,4.0,77.0,0.0,0.0,1.0,0,0,0.0
405,QuantNaryTreeLearner,PDFA - a1519f1457f1422a9e0e784e9ca340c8,212,211,1,9.454774506040849,2499,81,,,4.0,79.0,1.6380902330723757e-06,0.0,1.0,0,0,1.9999999999978368e-07
406,QuantNaryTreeLearner,PDFA - a1519f1457f1422a9e0e784e9ca340c8,212,211,2,9.397508712951094,2499,81,,,4.0,79.0,1.6380902330723757e-06,0.0,1.0,0,0,1.9999999999978368e-07
407,QuantNaryTreeLearner,PDFA - a1519f1457f1422a9e0e784e9ca340c8,212,211,3,9.329975596047007,2499,81,,,4.0,79.0,1.6380902330723757e-06,0.0,1.0,0,0,1.9999999999978368e-07
408,QuantNaryTreeLearner,PDFA - a1519f1457f1422a9e0e784e9ca340c8,212,211,4,9.31739609199576,2499,81,,,4.0,79.0,1.6380902330723757e-06,0.0,1.0,0,0,1.9999999999978368e-07
409,QuantNaryTreeLearner,PDFA - a1519f1457f1422a9e0e784e9ca340c8,212,211,5,9.15434633300174,2499,81,,,4.0,79.0,1.6380902330723757e-06,0.0,1.0,0,0,1.9999999999978368e-07
410,QuantNaryTreeLearner,PDFA - a1519f1457f1422a9e0e784e9ca340c8,212,211,6,9.407629523077048,2499,81,,,4.0,79.0,1.6380902330723757e-06,0.0,1.0,0,0,1.9999999999978368e-07
411,QuantNaryTreeLearner,PDFA - a1519f1457f1422a9e0e784e9ca340c8,212,211,7,9.316263549029827,2499,81,,,4.0,79.0,1.6380902330723757e-06,0.0,1.0,0,0,1.9999999999978368e-07
412,QuantNaryTreeLearner,PDFA - a1519f1457f1422a9e0e784e9ca340c8,212,211,8,9.217595575959422,2499,81,,,4.0,79.0,1.6380902330723757e-06,0.0,1.0,0,0,1.9999999999978368e-07
413,QuantNaryTreeLearner,PDFA - a1519f1457f1422a9e0e784e9ca340c8,212,211,9,9.383764288038947,2499,81,,,4.0,79.0,1.6380902330723757e-06,0.0,1.0,0,0,1.9999999999978368e-07
414,QuantNaryTreeLearner,PDFA - 6b3446d81a40483d9711c5533394fb61,198,198,1,11.693399256910197,2838,102,,,5.0,100.0,0.0,0.0,1.0,0,0,0.0
415,QuantNaryTreeLearner,PDFA - 6b3446d81a40483d9711c5533394fb61,198,198,2,11.788036552956328,2838,102,,,5.0,100.0,0.0,0.0,1.0,0,0,0.0
416,QuantNaryTreeLearner,PDFA - 6b3446d81a40483d9711c5533394fb61,198,198,3,11.800116905011237,2838,102,,,5.0,100.0,0.0,0.0,1.0,0,0,0.0
417,QuantNaryTreeLearner,PDFA - 6b3446d81a40483d9711c5533394fb61,198,198,4,11.865603731945157,2838,102,,,5.0,100.0,0.0,0.0,1.0,0,0,0.0
418,QuantNaryTreeLearner,PDFA - 6b3446d81a40483d9711c5533394fb61,198,198,5,11.677236453047954,2838,102,,,5.0,100.0,0.0,0.0,1.0,0,0,0.0
419,QuantNaryTreeLearner,PDFA - 6b3446d81a40483d9711c5533394fb61,198,198,6,11.936896491912194,2838,102,,,5.0,100.0,0.0,0.0,1.0,0,0,0.0
420,QuantNaryTreeLearner,PDFA - 6b3446d81a40483d9711c5533394fb61,198,198,7,11.743443586979993,2838,102,,,5.0,100.0,0.0,0.0,1.0,0,0,0.0
421,QuantNaryTreeLearner,PDFA - 6b3446d81a40483d9711c5533394fb61,198,198,8,11.777773165958934,2838,102,,,5.0,100.0,0.0,0.0,1.0,0,0,0.0
422,QuantNaryTreeLearner,PDFA - 6b3446d81a40483d9711c5533394fb61,198,198,9,11.812152714002877,2838,102,,,5.0,100.0,0.0,0.0,1.0,0,0,0.0
423,QuantNaryTreeLearner,PDFA - 0a187c2da85744b498d33ae86fc74482,308,308,1,26.31048996001482,4170,131,,,5.0,129.0,0.0,0.0,1.0,0,0,0.0
424,QuantNaryTreeLearner,PDFA - 0a187c2da85744b498d33ae86fc74482,308,308,2,26.718361462000757,4170,131,,,5.0,129.0,0.0,0.0,1.0,0,0,0.0
425,QuantNaryTreeLearner,PDFA - 0a187c2da85744b498d33ae86fc74482,308,308,3,26.576987659092993,4170,131,,,5.0,129.0,0.0,0.0,1.0,0,0,0.0
426,QuantNaryTreeLearner,PDFA - 0a187c2da85744b498d33ae86fc74482,308,308,4,26.489000446978025,4170,131,,,5.0,129.0,0.0,0.0,1.0,0,0,0.0
427,QuantNaryTreeLearner,PDFA - 0a187c2da85744b498d33ae86fc74482,308,308,5,26.530315098934807,4170,131,,,5.0,129.0,0.0,0.0,1.0,0,0,0.0
428,QuantNaryTreeLearner,PDFA - 0a187c2da85744b498d33ae86fc74482,308,308,6,26.433497644029558,4170,131,,,5.0,129.0,0.0,0.0,1.0,0,0,0.0
429,QuantNaryTreeLearner,PDFA - 0a187c2da85744b498d33ae86fc74482,308,308,7,26.526566670974717,4170,131,,,5.0,129.0,0.0,0.0,1.0,0,0,0.0
430,QuantNaryTreeLearner,PDFA - 0a187c2da85744b498d33ae86fc74482,308,308,8,26.485329832066782,4170,131,,,5.0,129.0,0.0,0.0,1.0,0,0,0.0
431,QuantNaryTreeLearner,PDFA - 0a187c2da85744b498d33ae86fc74482,308,308,9,27.17410981899593,4170,131,,,5.0,129.0,0.0,0.0,1.0,0,0,0.0
432,QuantNaryTreeLearner,PDFA - 0f98b1ea785c4176a9d2957ad6109c92,321,321,1,24.961924453964457,4014,119,,,4.0,117.0,0.0,0.0,1.0,0,0,0.0
433,QuantNaryTreeLearner,PDFA - 0f98b1ea785c4176a9d2957ad6109c92,321,321,2,24.999039329006337,4014,119,,,4.0,117.0,0.0,0.0,1.0,0,0,0.0
434,QuantNaryTreeLearner,PDFA - 0f98b1ea785c4176a9d2957ad6109c92,321,321,3,24.948710366967134,4014,119,,,4.0,117.0,0.0,0.0,1.0,0,0,0.0
435,QuantNaryTreeLearner,PDFA - 0f98b1ea785c4176a9d2957ad6109c92,321,321,4,24.97050803503953,4014,119,,,4.0,117.0,0.0,0.0,1.0,0,0,0.0
436,QuantNaryTreeLearner,PDFA - 0f98b1ea785c4176a9d2957ad6109c92,321,321,5,25.09585070295725,4014,119,,,4.0,117.0,0.0,0.0,1.0,0,0,0.0
437,QuantNaryTreeLearner,PDFA - 0f98b1ea785c4176a9d2957ad6109c92,321,321,6,24.625729731982574,4014,119,,,4.0,117.0,0.0,0.0,1.0,0,0,0.0
438,QuantNaryTreeLearner,PDFA - 0f98b1ea785c4176a9d2957ad6109c92,321,321,7,25.086170907015912,4014,119,,,4.0,117.0,0.0,0.0,1.0,0,0,0.0
439,QuantNaryTreeLearner,PDFA - 0f98b1ea785c4176a9d2957ad6109c92,321,321,8,25.414761935011484,4014,119,,,4.0,117.0,0.0,0.0,1.0,0,0,0.0
440,QuantNaryTreeLearner,PDFA - 0f98b1ea785c4176a9d2957ad6109c92,321,321,9,25.066314038005657,4014,119,,,4.0,117.0,0.0,0.0,1.0,0,0,0.0
441,QuantNaryTreeLearner,PDFA - 87d04a4670c94bfb9f73c4084083fe68,52,51,1,0.5558823919855058,609,25,,,5.0,23.0,0.0001491371684643852,0.0,1.0,0,0,5.520000000000414e-06
442,QuantNaryTreeLearner,PDFA - 87d04a4670c94bfb9f73c4084083fe68,52,51,2,0.5528689039638266,609,25,,,5.0,23.0,0.0001491371684643852,0.0,1.0,0,0,5.520000000000414e-06
443,QuantNaryTreeLearner,PDFA - 87d04a4670c94bfb9f73c4084083fe68,52,51,3,0.5305888969451189,609,25,,,5.0,23.0,0.0001491371684643852,0.0,1.0,0,0,5.520000000000414e-06
444,QuantNaryTreeLearner,PDFA - 87d04a4670c94bfb9f73c4084083fe68,52,51,4,0.549579031066969,609,25,,,5.0,23.0,0.0001491371684643852,0.0,1.0,0,0,5.520000000000414e-06
445,QuantNaryTreeLearner,PDFA - 87d04a4670c94bfb9f73c4084083fe68,52,51,5,0.5225141510600224,609,25,,,5.0,23.0,0.0001491371684643852,0.0,1.0,0,0,5.520000000000414e-06
446,QuantNaryTreeLearner,PDFA - 87d04a4670c94bfb9f73c4084083fe68,52,51,6,0.5345889229793102,609,25,,,5.0,23.0,0.0001491371684643852,0.0,1.0,0,0,5.520000000000414e-06
447,QuantNaryTreeLearner,PDFA - 87d04a4670c94bfb9f73c4084083fe68,52,51,7,0.5361232379218563,609,25,,,5.0,23.0,0.0001491371684643852,0.0,1.0,0,0,5.520000000000414e-06
448,QuantNaryTreeLearner,PDFA - 87d04a4670c94bfb9f73c4084083fe68,52,51,8,0.5271223880117759,609,25,,,5.0,23.0,0.0001491371684643852,0.0,1.0,0,0,5.520000000000414e-06
449,QuantNaryTreeLearner,PDFA - 87d04a4670c94bfb9f73c4084083fe68,52,51,9,0.5479720530565828,609,25,,,5.0,23.0,0.0001491371684643852,0.0,1.0,0,0,5.520000000000414e-06
450,QuantNaryTreeLearner,PDFA - 6fe7c9d30335416b84f6a67094fa8efc,54,54,1,0.5763404130702838,639,26,,,4.0,24.0,0.0,0.0,1.0,0,0,0.0
451,QuantNaryTreeLearner,PDFA - 6fe7c9d30335416b84f6a67094fa8efc,54,54,2,0.5726848610211164,639,26,,,4.0,24.0,0.0,0.0,1.0,0,0,0.0
452,QuantNaryTreeLearner,PDFA - 6fe7c9d30335416b84f6a67094fa8efc,54,54,3,0.5883844509953633,639,26,,,4.0,24.0,0.0,0.0,1.0,0,0,0.0
453,QuantNaryTreeLearner,PDFA - 6fe7c9d30335416b84f6a67094fa8efc,54,54,4,0.639304154086858,639,26,,,4.0,24.0,0.0,0.0,1.0,0,0,0.0
454,QuantNaryTreeLearner,PDFA - 6fe7c9d30335416b84f6a67094fa8efc,54,54,5,0.6110129520529881,639,26,,,4.0,24.0,0.0,0.0,1.0,0,0,0.0
455,QuantNaryTreeLearner,PDFA - 6fe7c9d30335416b84f6a67094fa8efc,54,54,6,0.5830502220196649,639,26,,,4.0,24.0,0.0,0.0,1.0,0,0,0.0
456,QuantNaryTreeLearner,PDFA - 6fe7c9d30335416b84f6a67094fa8efc,54,54,7,0.5885792640037835,639,26,,,4.0,24.0,0.0,0.0,1.0,0,0,0.0
457,QuantNaryTreeLearner,PDFA - 6fe7c9d30335416b84f6a67094fa8efc,54,54,8,0.6698284751037136,639,26,,,4.0,24.0,0.0,0.0,1.0,0,0,0.0
458,QuantNaryTreeLearner,PDFA - 6fe7c9d30335416b84f6a67094fa8efc,54,54,9,0.5685715558938682,639,26,,,4.0,24.0,0.0,0.0,1.0,0,0,0.0
459,QuantNaryTreeLearner,PDFA - 69b41f44959f4658bf19d3ffb01d6793,94,94,1,2.122666814015247,1206,48,,,5.0,46.0,0.0,0.0,1.0,0,0,0.0
460,QuantNaryTreeLearner,PDFA - 69b41f44959f4658bf19d3ffb01d6793,94,94,2,2.192036001943052,1206,48,,,5.0,46.0,0.0,0.0,1.0,0,0,0.0
461,QuantNaryTreeLearner,PDFA - 69b41f44959f4658bf19d3ffb01d6793,94,94,3,2.1888121160445735,1206,48,,,5.0,46.0,0.0,0.0,1.0,0,0,0.0
462,QuantNaryTreeLearner,PDFA - 69b41f44959f4658bf19d3ffb01d6793,94,94,4,2.2020596020156518,1206,48,,,5.0,46.0,0.0,0.0,1.0,0,0,0.0
463,QuantNaryTreeLearner,PDFA - 69b41f44959f4658bf19d3ffb01d6793,94,94,5,2.199586219037883,1206,48,,,5.0,46.0,0.0,0.0,1.0,0,0,0.0
464,QuantNaryTreeLearner,PDFA - 69b41f44959f4658bf19d3ffb01d6793,94,94,6,2.2253740479936823,1206,48,,,5.0,46.0,0.0,0.0,1.0,0,0,0.0
465,QuantNaryTreeLearner,PDFA - 69b41f44959f4658bf19d3ffb01d6793,94,94,7,2.0880239399848506,1206,48,,,5.0,46.0,0.0,0.0,1.0,0,0,0.0
466,QuantNaryTreeLearner,PDFA - 69b41f44959f4658bf19d3ffb01d6793,94,94,8,2.0426095039583743,1206,48,,,5.0,46.0,0.0,0.0,1.0,0,0,0.0
467,QuantNaryTreeLearner,PDFA - 69b41f44959f4658bf19d3ffb01d6793,94,94,9,2.2342689050128683,1206,48,,,5.0,46.0,0.0,0.0,1.0,0,0,0.0
468,QuantNaryTreeLearner,PDFA - 8e36d5055a24425fa5b965f276709d61,306,306,1,23.855612374958582,4125,126,,,5.0,124.0,0.0,0.0,1.0,0,0,0.0
469,QuantNaryTreeLearner,PDFA - 8e36d5055a24425fa5b965f276709d61,306,306,2,24.199388645007275,4125,126,,,5.0,124.0,0.0,0.0,1.0,0,0,0.0
470,QuantNaryTreeLearner,PDFA - 8e36d5055a24425fa5b965f276709d61,306,306,3,23.97661027999129,4125,126,,,5.0,124.0,0.0,0.0,1.0,0,0,0.0
471,QuantNaryTreeLearner,PDFA - 8e36d5055a24425fa5b965f276709d61,306,306,4,23.921421424951404,4125,126,,,5.0,124.0,0.0,0.0,1.0,0,0,0.0
472,QuantNaryTreeLearner,PDFA - 8e36d5055a24425fa5b965f276709d61,306,306,5,23.875211537000723,4125,126,,,5.0,124.0,0.0,0.0,1.0,0,0,0.0
473,QuantNaryTreeLearner,PDFA - 8e36d5055a24425fa5b965f276709d61,306,306,6,24.022829642053694,4125,126,,,5.0,124.0,0.0,0.0,1.0,0,0,0.0
474,QuantNaryTreeLearner,PDFA - 8e36d5055a24425fa5b965f276709d61,306,306,7,24.030715843080543,4125,126,,,5.0,124.0,0.0,0.0,1.0,0,0,0.0
475,QuantNaryTreeLearner,PDFA - 8e36d5055a24425fa5b965f276709d61,306,306,8,24.663504480035044,4125,126,,,5.0,124.0,0.0,0.0,1.0,0,0,0.0
476,QuantNaryTreeLearner,PDFA - 8e36d5055a24425fa5b965f276709d61,306,306,9,23.946600817958824,4125,126,,,5.0,124.0,0.0,0.0,1.0,0,0,0.0
477,QuantNaryTreeLearner,PDFA - a14af1879277447586bc511c78ea513e,54,54,1,0.7975632480811328,675,30,,,4.0,28.0,0.0,0.0,1.0,0,0,0.0
478,QuantNaryTreeLearner,PDFA - a14af1879277447586bc511c78ea513e,54,54,2,0.7192865299293771,675,30,,,4.0,28.0,0.0,0.0,1.0,0,0,0.0
479,QuantNaryTreeLearner,PDFA - a14af1879277447586bc511c78ea513e,54,54,3,0.7218943770276383,675,30,,,4.0,28.0,0.0,0.0,1.0,0,0,0.0
480,QuantNaryTreeLearner,PDFA - a14af1879277447586bc511c78ea513e,54,54,4,0.7106248129857704,675,30,,,4.0,28.0,0.0,0.0,1.0,0,0,0.0
481,QuantNaryTreeLearner,PDFA - a14af1879277447586bc511c78ea513e,54,54,5,0.7185142950620502,675,30,,,4.0,28.0,0.0,0.0,1.0,0,0,0.0
482,QuantNaryTreeLearner,PDFA - a14af1879277447586bc511c78ea513e,54,54,6,0.7276807120069861,675,30,,,4.0,28.0,0.0,0.0,1.0,0,0,0.0
483,QuantNaryTreeLearner,PDFA - a14af1879277447586bc511c78ea513e,54,54,7,0.7142061260528862,675,30,,,4.0,28.0,0.0,0.0,1.0,0,0,0.0
484,QuantNaryTreeLearner,PDFA - a14af1879277447586bc511c78ea513e,54,54,8,0.7216063900850713,675,30,,,4.0,28.0,0.0,0.0,1.0,0,0,0.0
485,QuantNaryTreeLearner,PDFA - a14af1879277447586bc511c78ea513e,54,54,9,0.7261995970038697,675,30,,,4.0,28.0,0.0,0.0,1.0,0,0,0.0
486,QuantNaryTreeLearner,PDFA - e9e6092496f14610a5d6fd6be32c2252,305,305,1,25.105921205016784,4209,130,,,5.0,128.0,0.0,0.0,1.0,0,0,0.0
487,QuantNaryTreeLearner,PDFA - e9e6092496f14610a5d6fd6be32c2252,305,305,2,25.1746976620052,4209,130,,,5.0,128.0,0.0,0.0,1.0,0,0,0.0
488,QuantNaryTreeLearner,PDFA - e9e6092496f14610a5d6fd6be32c2252,305,305,3,25.20933716604486,4209,130,,,5.0,128.0,0.0,0.0,1.0,0,0,0.0
489,QuantNaryTreeLearner,PDFA - e9e6092496f14610a5d6fd6be32c2252,305,305,4,24.920410990016535,4209,130,,,5.0,128.0,0.0,0.0,1.0,0,0,0.0
490,QuantNaryTreeLearner,PDFA - e9e6092496f14610a5d6fd6be32c2252,305,305,5,25.25890449504368,4209,130,,,5.0,128.0,0.0,0.0,1.0,0,0,0.0
491,QuantNaryTreeLearner,PDFA - e9e6092496f14610a5d6fd6be32c2252,305,305,6,24.988022207980976,4209,130,,,5.0,128.0,0.0,0.0,1.0,0,0,0.0
492,QuantNaryTreeLearner,PDFA - e9e6092496f14610a5d6fd6be32c2252,305,305,7,25.30441287299618,4209,130,,,5.0,128.0,0.0,0.0,1.0,0,0,0.0
493,QuantNaryTreeLearner,PDFA - e9e6092496f14610a5d6fd6be32c2252,305,305,8,24.951237607980147,4209,130,,,5.0,128.0,0.0,0.0,1.0,0,0,0.0
494,QuantNaryTreeLearner,PDFA - e9e6092496f14610a5d6fd6be32c2252,305,305,9,26.05845821998082,4209,130,,,5.0,128.0,0.0,0.0,1.0,0,0,0.0
495,QuantNaryTreeLearner,PDFA - 481e8ebcc9464e67afb24b58f5823b0d,107,107,1,2.1223136980552226,1248,44,,,4.0,42.0,0.0,0.0,1.0,0,0,0.0
496,QuantNaryTreeLearner,PDFA - 481e8ebcc9464e67afb24b58f5823b0d,107,107,2,2.5240590799367055,1248,44,,,4.0,42.0,0.0,0.0,1.0,0,0,0.0
497,QuantNaryTreeLearner,PDFA - 481e8ebcc9464e67afb24b58f5823b0d,107,107,3,2.0303561069304124,1248,44,,,4.0,42.0,0.0,0.0,1.0,0,0,0.0
498,QuantNaryTreeLearner,PDFA - 481e8ebcc9464e67afb24b58f5823b0d,107,107,4,2.1453292119549587,1248,44,,,4.0,42.0,0.0,0.0,1.0,0,0,0.0
499,QuantNaryTreeLearner,PDFA - 481e8ebcc9464e67afb24b58f5823b0d,107,107,5,2.1870123399421573,1248,44,,,4.0,42.0,0.0,0.0,1.0,0,0,0.0
500,QuantNaryTreeLearner,PDFA - 481e8ebcc9464e67afb24b58f5823b0d,107,107,6,2.210796227911487,1248,44,,,4.0,42.0,0.0,0.0,1.0,0,0,0.0
501,QuantNaryTreeLearner,PDFA - 481e8ebcc9464e67afb24b58f5823b0d,107,107,7,2.16839785000775,1248,44,,,4.0,42.0,0.0,0.0,1.0,0,0,0.0
502,QuantNaryTreeLearner,PDFA - 481e8ebcc9464e67afb24b58f5823b0d,107,107,8,2.1836110000731423,1248,44,,,4.0,42.0,0.0,0.0,1.0,0,0,0.0
503,QuantNaryTreeLearner,PDFA - 481e8ebcc9464e67afb24b58f5823b0d,107,107,9,2.160187507979572,1248,44,,,4.0,42.0,0.0,0.0,1.0,0,0,0.0
504,QuantNaryTreeLearner,PDFA - e8e6f6bd62c94bbba4b25dc5d61e770b,200,200,1,9.176045799977146,2616,82,,,4.0,80.0,0.0,0.0,1.0,0,0,0.0
505,QuantNaryTreeLearner,PDFA - e8e6f6bd62c94bbba4b25dc5d61e770b,200,200,2,9.239519522991031,2616,82,,,4.0,80.0,0.0,0.0,1.0,0,0,0.0
506,QuantNaryTreeLearner,PDFA - e8e6f6bd62c94bbba4b25dc5d61e770b,200,200,3,9.10101569397375,2616,82,,,4.0,80.0,0.0,0.0,1.0,0,0,0.0
507,QuantNaryTreeLearner,PDFA - e8e6f6bd62c94bbba4b25dc5d61e770b,200,200,4,9.120087340008467,2616,82,,,4.0,80.0,0.0,0.0,1.0,0,0,0.0
508,QuantNaryTreeLearner,PDFA - e8e6f6bd62c94bbba4b25dc5d61e770b,200,200,5,9.258666155976243,2616,82,,,4.0,80.0,0.0,0.0,1.0,0,0,0.0
509,QuantNaryTreeLearner,PDFA - e8e6f6bd62c94bbba4b25dc5d61e770b,200,200,6,9.16024691297207,2616,82,,,4.0,80.0,0.0,0.0,1.0,0,0,0.0
510,QuantNaryTreeLearner,PDFA - e8e6f6bd62c94bbba4b25dc5d61e770b,200,200,7,9.149941834970377,2616,82,,,4.0,80.0,0.0,0.0,1.0,0,0,0.0
511,QuantNaryTreeLearner,PDFA - e8e6f6bd62c94bbba4b25dc5d61e770b,200,200,8,9.189530865987763,2616,82,,,4.0,80.0,0.0,0.0,1.0,0,0,0.0
512,QuantNaryTreeLearner,PDFA - e8e6f6bd62c94bbba4b25dc5d61e770b,200,200,9,9.214645482948981,2616,82,,,4.0,80.0,0.0,0.0,1.0,0,0,0.0
513,QuantNaryTreeLearner,PDFA - fd67bb3ff3d64b3fabaef5ec9b57197c,88,88,1,1.575099507928826,1155,40,,,4.0,38.0,0.0,0.0,1.0,0,0,0.0
514,QuantNaryTreeLearner,PDFA - fd67bb3ff3d64b3fabaef5ec9b57197c,88,88,2,1.5135709349997342,1155,40,,,4.0,38.0,0.0,0.0,1.0,0,0,0.0
515,QuantNaryTreeLearner,PDFA - fd67bb3ff3d64b3fabaef5ec9b57197c,88,88,3,1.5428663690108806,1155,40,,,4.0,38.0,0.0,0.0,1.0,0,0,0.0
516,QuantNaryTreeLearner,PDFA - fd67bb3ff3d64b3fabaef5ec9b57197c,88,88,4,1.5158436170313507,1155,40,,,4.0,38.0,0.0,0.0,1.0,0,0,0.0
517,QuantNaryTreeLearner,PDFA - fd67bb3ff3d64b3fabaef5ec9b57197c,88,88,5,1.5833653999725357,1155,40,,,4.0,38.0,0.0,0.0,1.0,0,0,0.0
518,QuantNaryTreeLearner,PDFA - fd67bb3ff3d64b3fabaef5ec9b57197c,88,88,6,1.5429807259934023,1155,40,,,4.0,38.0,0.0,0.0,1.0,0,0,0.0
519,QuantNaryTreeLearner,PDFA - fd67bb3ff3d64b3fabaef5ec9b57197c,88,88,7,1.4980504799168557,1155,40,,,4.0,38.0,0.0,0.0,1.0,0,0,0.0
520,QuantNaryTreeLearner,PDFA - fd67bb3ff3d64b3fabaef5ec9b57197c,88,88,8,1.5809622820233926,1155,40,,,4.0,38.0,0.0,0.0,1.0,0,0,0.0
521,QuantNaryTreeLearner,PDFA - fd67bb3ff3d64b3fabaef5ec9b57197c,88,88,9,1.537709521013312,1155,40,,,4.0,38.0,0.0,0.0,1.0,0,0,0.0
522,QuantNaryTreeLearner,PDFA - bd39014a86024f268832f02a5a319160,91,90,1,1.8979239170439541,1215,45,,,4.0,43.0,9.427485689386117e-07,0.0,1.0,0,0,0.0
523,QuantNaryTreeLearner,PDFA - bd39014a86024f268832f02a5a319160,91,90,2,1.743749134009704,1215,45,,,4.0,43.0,9.427485689386117e-07,0.0,1.0,0,0,0.0
524,QuantNaryTreeLearner,PDFA - bd39014a86024f268832f02a5a319160,91,90,3,1.800760100944899,1215,45,,,4.0,43.0,9.427485689386117e-07,0.0,1.0,0,0,0.0
525,QuantNaryTreeLearner,PDFA - bd39014a86024f268832f02a5a319160,91,90,4,1.8763522650115192,1215,45,,,4.0,43.0,9.427485689386117e-07,0.0,1.0,0,0,0.0
526,QuantNaryTreeLearner,PDFA - bd39014a86024f268832f02a5a319160,91,90,5,1.765066120075062,1215,45,,,4.0,43.0,9.427485689386117e-07,0.0,1.0,0,0,0.0
527,QuantNaryTreeLearner,PDFA - bd39014a86024f268832f02a5a319160,91,90,6,1.8186445989413187,1215,45,,,4.0,43.0,9.427485689386117e-07,0.0,1.0,0,0,0.0
528,QuantNaryTreeLearner,PDFA - bd39014a86024f268832f02a5a319160,91,90,7,1.867018293007277,1215,45,,,4.0,43.0,9.427485689386117e-07,0.0,1.0,0,0,0.0
529,QuantNaryTreeLearner,PDFA - bd39014a86024f268832f02a5a319160,91,90,8,1.7508388080168515,1215,45,,,4.0,43.0,9.427485689386117e-07,0.0,1.0,0,0,0.0
530,QuantNaryTreeLearner,PDFA - bd39014a86024f268832f02a5a319160,91,90,9,1.8450718430103734,1215,45,,,4.0,43.0,9.427485689386117e-07,0.0,1.0,0,0,0.0
531,QuantNaryTreeLearner,PDFA - e3fd06176e94418dada0cdb65773311e,100,100,1,1.803511388017796,1119,39,,,4.0,37.0,0.0,0.0,1.0,0,0,0.0
532,QuantNaryTreeLearner,PDFA - e3fd06176e94418dada0cdb65773311e,100,100,2,1.8721451319288462,1119,39,,,4.0,37.0,0.0,0.0,1.0,0,0,0.0
533,QuantNaryTreeLearner,PDFA - e3fd06176e94418dada0cdb65773311e,100,100,3,1.9358225759351626,1119,39,,,4.0,37.0,0.0,0.0,1.0,0,0,0.0
534,QuantNaryTreeLearner,PDFA - e3fd06176e94418dada0cdb65773311e,100,100,4,1.911019852035679,1119,39,,,4.0,37.0,0.0,0.0,1.0,0,0,0.0
535,QuantNaryTreeLearner,PDFA - e3fd06176e94418dada0cdb65773311e,100,100,5,1.8924708819249645,1119,39,,,4.0,37.0,0.0,0.0,1.0,0,0,0.0
536,QuantNaryTreeLearner,PDFA - e3fd06176e94418dada0cdb65773311e,100,100,6,1.8357718599727377,1119,39,,,4.0,37.0,0.0,0.0,1.0,0,0,0.0
537,QuantNaryTreeLearner,PDFA - e3fd06176e94418dada0cdb65773311e,100,100,7,1.8170707520330325,1119,39,,,4.0,37.0,0.0,0.0,1.0,0,0,0.0
538,QuantNaryTreeLearner,PDFA - e3fd06176e94418dada0cdb65773311e,100,100,8,1.98394519102294,1119,39,,,4.0,37.0,0.0,0.0,1.0,0,0,0.0
539,QuantNaryTreeLearner,PDFA - e3fd06176e94418dada0cdb65773311e,100,100,9,1.906005894066766,1119,39,,,4.0,37.0,0.0,0.0,1.0,0,0,0.0
540,QuantNaryTreeLearner,PDFA - ed41fc527bf3484482d3b08ec71871ed,190,190,1,9.354059498058632,2547,89,,,5.0,87.0,0.0,0.0,1.0,0,0,0.0
541,QuantNaryTreeLearner,PDFA - ed41fc527bf3484482d3b08ec71871ed,190,190,2,9.30945367203094,2547,89,,,5.0,87.0,0.0,0.0,1.0,0,0,0.0
542,QuantNaryTreeLearner,PDFA - ed41fc527bf3484482d3b08ec71871ed,190,190,3,9.240931247943081,2547,89,,,5.0,87.0,0.0,0.0,1.0,0,0,0.0
543,QuantNaryTreeLearner,PDFA - ed41fc527bf3484482d3b08ec71871ed,190,190,4,9.233828764990903,2547,89,,,5.0,87.0,0.0,0.0,1.0,0,0,0.0
544,QuantNaryTreeLearner,PDFA - ed41fc527bf3484482d3b08ec71871ed,190,190,5,9.259027286898345,2547,89,,,5.0,87.0,0.0,0.0,1.0,0,0,0.0
545,QuantNaryTreeLearner,PDFA - ed41fc527bf3484482d3b08ec71871ed,190,190,6,9.298680701991543,2547,89,,,5.0,87.0,0.0,0.0,1.0,0,0,0.0
546,QuantNaryTreeLearner,PDFA - ed41fc527bf3484482d3b08ec71871ed,190,190,7,9.80553943105042,2547,89,,,5.0,87.0,0.0,0.0,1.0,0,0,0.0
547,QuantNaryTreeLearner,PDFA - ed41fc527bf3484482d3b08ec71871ed,190,190,8,9.422118891961873,2547,89,,,5.0,87.0,0.0,0.0,1.0,0,0,0.0
548,QuantNaryTreeLearner,PDFA - ed41fc527bf3484482d3b08ec71871ed,190,190,9,9.319160967017524,2547,89,,,5.0,87.0,0.0,0.0,1.0,0,0,0.0
549,QuantNaryTreeLearner,PDFA - bddf6bb3a73d4d1c81a44ff208f8f26a,207,207,1,11.884660903015174,2850,94,,,5.0,92.0,0.0,0.0,1.0,0,0,0.0
550,QuantNaryTreeLearner,PDFA - bddf6bb3a73d4d1c81a44ff208f8f26a,207,207,2,11.918956701061688,2850,94,,,5.0,92.0,0.0,0.0,1.0,0,0,0.0
551,QuantNaryTreeLearner,PDFA - bddf6bb3a73d4d1c81a44ff208f8f26a,207,207,3,11.875352445989847,2850,94,,,5.0,92.0,0.0,0.0,1.0,0,0,0.0
552,QuantNaryTreeLearner,PDFA - bddf6bb3a73d4d1c81a44ff208f8f26a,207,207,4,11.939618129981682,2850,94,,,5.0,92.0,0.0,0.0,1.0,0,0,0.0
553,QuantNaryTreeLearner,PDFA - bddf6bb3a73d4d1c81a44ff208f8f26a,207,207,5,11.859964845934883,2850,94,,,5.0,92.0,0.0,0.0,1.0,0,0,0.0
554,QuantNaryTreeLearner,PDFA - bddf6bb3a73d4d1c81a44ff208f8f26a,207,207,6,11.777727836975828,2850,94,,,5.0,92.0,0.0,0.0,1.0,0,0,0.0
555,QuantNaryTreeLearner,PDFA - bddf6bb3a73d4d1c81a44ff208f8f26a,207,207,7,11.918763410998508,2850,94,,,5.0,92.0,0.0,0.0,1.0,0,0,0.0
556,QuantNaryTreeLearner,PDFA - bddf6bb3a73d4d1c81a44ff208f8f26a,207,207,8,11.820143957040273,2850,94,,,5.0,92.0,0.0,0.0,1.0,0,0,0.0
557,QuantNaryTreeLearner,PDFA - bddf6bb3a73d4d1c81a44ff208f8f26a,207,207,9,11.75856718304567,2850,94,,,5.0,92.0,0.0,0.0,1.0,0,0,0.0
558,QuantNaryTreeLearner,PDFA - c5a86b4f1fde4519b5b542edcc36d357,98,98,1,2.2301100390031934,1194,44,,,4.0,42.0,0.0,0.0,1.0,0,0,0.0
559,QuantNaryTreeLearner,PDFA - c5a86b4f1fde4519b5b542edcc36d357,98,98,2,2.113006293075159,1194,44,,,4.0,42.0,0.0,0.0,1.0,0,0,0.0
560,QuantNaryTreeLearner,PDFA - c5a86b4f1fde4519b5b542edcc36d357,98,98,3,2.2310421409783885,1194,44,,,4.0,42.0,0.0,0.0,1.0,0,0,0.0
561,QuantNaryTreeLearner,PDFA - c5a86b4f1fde4519b5b542edcc36d357,98,98,4,2.2977771590230986,1194,44,,,4.0,42.0,0.0,0.0,1.0,0,0,0.0
562,QuantNaryTreeLearner,PDFA - c5a86b4f1fde4519b5b542edcc36d357,98,98,5,2.3022264320170507,1194,44,,,4.0,42.0,0.0,0.0,1.0,0,0,0.0
563,QuantNaryTreeLearner,PDFA - c5a86b4f1fde4519b5b542edcc36d357,98,98,6,2.228871832950972,1194,44,,,4.0,42.0,0.0,0.0,1.0,0,0,0.0
564,QuantNaryTreeLearner,PDFA - c5a86b4f1fde4519b5b542edcc36d357,98,98,7,2.1144926899578422,1194,44,,,4.0,42.0,0.0,0.0,1.0,0,0,0.0
565,QuantNaryTreeLearner,PDFA - c5a86b4f1fde4519b5b542edcc36d357,98,98,8,2.2697356350254267,1194,44,,,4.0,42.0,0.0,0.0,1.0,0,0,0.0
566,QuantNaryTreeLearner,PDFA - c5a86b4f1fde4519b5b542edcc36d357,98,98,9,2.284058003919199,1194,44,,,4.0,42.0,0.0,0.0,1.0,0,0,0.0
567,QuantNaryTreeLearner,PDFA - 24118a089e664a7dbeae17fb679a3e70,191,191,1,9.600200791028328,2640,90,,,5.0,88.0,0.0,0.0,1.0,0,0,0.0
568,QuantNaryTreeLearner,PDFA - 24118a089e664a7dbeae17fb679a3e70,191,191,2,9.707519043935463,2640,90,,,5.0,88.0,0.0,0.0,1.0,0,0,0.0
569,QuantNaryTreeLearner,PDFA - 24118a089e664a7dbeae17fb679a3e70,191,191,3,9.653935541049577,2640,90,,,5.0,88.0,0.0,0.0,1.0,0,0,0.0
570,QuantNaryTreeLearner,PDFA - 24118a089e664a7dbeae17fb679a3e70,191,191,4,9.630141632049344,2640,90,,,5.0,88.0,0.0,0.0,1.0,0,0,0.0
571,QuantNaryTreeLearner,PDFA - 24118a089e664a7dbeae17fb679a3e70,191,191,5,9.564919459051453,2640,90,,,5.0,88.0,0.0,0.0,1.0,0,0,0.0
572,QuantNaryTreeLearner,PDFA - 24118a089e664a7dbeae17fb679a3e70,191,191,6,9.706200859043747,2640,90,,,5.0,88.0,0.0,0.0,1.0,0,0,0.0
573,QuantNaryTreeLearner,PDFA - 24118a089e664a7dbeae17fb679a3e70,191,191,7,9.5329481450608,2640,90,,,5.0,88.0,0.0,0.0,1.0,0,0,0.0
574,QuantNaryTreeLearner,PDFA - 24118a089e664a7dbeae17fb679a3e70,191,191,8,9.560143462964334,2640,90,,,5.0,88.0,0.0,0.0,1.0,0,0,0.0
575,QuantNaryTreeLearner,PDFA - 24118a089e664a7dbeae17fb679a3e70,191,191,9,9.583853295072913,2640,90,,,5.0,88.0,0.0,0.0,1.0,0,0,0.0
576,QuantNaryTreeLearner,PDFA - 43196a148b23449e8c645fb1e7a72701,215,215,1,11.619222082896158,2709,90,,,5.0,88.0,0.0,0.0,1.0,0,0,0.0
577,QuantNaryTreeLearner,PDFA - 43196a148b23449e8c645fb1e7a72701,215,215,2,11.50439702894073,2709,90,,,5.0,88.0,0.0,0.0,1.0,0,0,0.0
578,QuantNaryTreeLearner,PDFA - 43196a148b23449e8c645fb1e7a72701,215,215,3,11.656340418965556,2709,90,,,5.0,88.0,0.0,0.0,1.0,0,0,0.0
579,QuantNaryTreeLearner,PDFA - 43196a148b23449e8c645fb1e7a72701,215,215,4,11.596864089020528,2709,90,,,5.0,88.0,0.0,0.0,1.0,0,0,0.0
580,QuantNaryTreeLearner,PDFA - 43196a148b23449e8c645fb1e7a72701,215,215,5,11.587629005894996,2709,90,,,5.0,88.0,0.0,0.0,1.0,0,0,0.0
581,QuantNaryTreeLearner,PDFA - 43196a148b23449e8c645fb1e7a72701,215,215,6,11.552542006014846,2709,90,,,5.0,88.0,0.0,0.0,1.0,0,0,0.0
582,QuantNaryTreeLearner,PDFA - 43196a148b23449e8c645fb1e7a72701,215,215,7,11.663125565974042,2709,90,,,5.0,88.0,0.0,0.0,1.0,0,0,0.0
583,QuantNaryTreeLearner,PDFA - 43196a148b23449e8c645fb1e7a72701,215,215,8,11.594463503919542,2709,90,,,5.0,88.0,0.0,0.0,1.0,0,0,0.0
584,QuantNaryTreeLearner,PDFA - 43196a148b23449e8c645fb1e7a72701,215,215,9,11.657346348976716,2709,90,,,5.0,88.0,0.0,0.0,1.0,0,0,0.0
585,QuantNaryTreeLearner,PDFA - 2a34c2bbdaba442a879b7752a3118db6,94,94,1,2.293826572946273,1194,47,,,5.0,45.0,0.0,0.0,1.0,0,0,0.0
586,QuantNaryTreeLearner,PDFA - 2a34c2bbdaba442a879b7752a3118db6,94,94,2,2.173633703030646,1194,47,,,5.0,45.0,0.0,0.0,1.0,0,0,0.0
587,QuantNaryTreeLearner,PDFA - 2a34c2bbdaba442a879b7752a3118db6,94,94,3,2.080149223911576,1194,47,,,5.0,45.0,0.0,0.0,1.0,0,0,0.0
588,QuantNaryTreeLearner,PDFA - 2a34c2bbdaba442a879b7752a3118db6,94,94,4,2.1487202369607985,1194,47,,,5.0,45.0,0.0,0.0,1.0,0,0,0.0
589,QuantNaryTreeLearner,PDFA - 2a34c2bbdaba442a879b7752a3118db6,94,94,5,2.1480449300725013,1194,47,,,5.0,45.0,0.0,0.0,1.0,0,0,0.0
590,QuantNaryTreeLearner,PDFA - 2a34c2bbdaba442a879b7752a3118db6,94,94,6,2.176110071945004,1194,47,,,5.0,45.0,0.0,0.0,1.0,0,0,0.0
591,QuantNaryTreeLearner,PDFA - 2a34c2bbdaba442a879b7752a3118db6,94,94,7,2.1136597829172388,1194,47,,,5.0,45.0,0.0,0.0,1.0,0,0,0.0
592,QuantNaryTreeLearner,PDFA - 2a34c2bbdaba442a879b7752a3118db6,94,94,8,2.1212578520644456,1194,47,,,5.0,45.0,0.0,0.0,1.0,0,0,0.0
593,QuantNaryTreeLearner,PDFA - 2a34c2bbdaba442a879b7752a3118db6,94,94,9,2.2524820279795676,1194,47,,,5.0,45.0,0.0,0.0,1.0,0,0,0.0
594,QuantNaryTreeLearner,PDFA - 0b88acf6797e4da2824c26339679ebbb,49,49,1,0.571752198971808,576,26,,,4.0,24.0,0.0,0.0,1.0,0,0,0.0
595,QuantNaryTreeLearner,PDFA - 0b88acf6797e4da2824c26339679ebbb,49,49,2,0.5402870249236003,576,26,,,4.0,24.0,0.0,0.0,1.0,0,0,0.0
596,QuantNaryTreeLearner,PDFA - 0b88acf6797e4da2824c26339679ebbb,49,49,3,0.5536491590319201,576,26,,,4.0,24.0,0.0,0.0,1.0,0,0,0.0
597,QuantNaryTreeLearner,PDFA - 0b88acf6797e4da2824c26339679ebbb,49,49,4,0.5586750520160422,576,26,,,4.0,24.0,0.0,0.0,1.0,0,0,0.0
598,QuantNaryTreeLearner,PDFA - 0b88acf6797e4da2824c26339679ebbb,49,49,5,0.6393485220614821,576,26,,,4.0,24.0,0.0,0.0,1.0,0,0,0.0
599,QuantNaryTreeLearner,PDFA - 0b88acf6797e4da2824c26339679ebbb,49,49,6,0.5636355929309502,576,26,,,4.0,24.0,0.0,0.0,1.0,0,0,0.0
600,QuantNaryTreeLearner,PDFA - 0b88acf6797e4da2824c26339679ebbb,49,49,7,0.6019701199838892,576,26,,,4.0,24.0,0.0,0.0,1.0,0,0,0.0
601,QuantNaryTreeLearner,PDFA - 0b88acf6797e4da2824c26339679ebbb,49,49,8,0.6673749020555988,576,26,,,4.0,24.0,0.0,0.0,1.0,0,0,0.0
602,QuantNaryTreeLearner,PDFA - 0b88acf6797e4da2824c26339679ebbb,49,49,9,0.5575739949708804,576,26,,,4.0,24.0,0.0,0.0,1.0,0,0,0.0
603,QuantNaryTreeLearner,PDFA - 08af69686ef14f69ad28ca66c3ffec0f,309,309,1,23.485304515925236,3906,121,,,5.0,119.0,0.0,0.0,1.0,0,0,0.0
604,QuantNaryTreeLearner,PDFA - 08af69686ef14f69ad28ca66c3ffec0f,309,309,2,23.494341555982828,3906,121,,,5.0,119.0,0.0,0.0,1.0,0,0,0.0
605,QuantNaryTreeLearner,PDFA - 08af69686ef14f69ad28ca66c3ffec0f,309,309,3,24.29506912792567,3906,121,,,5.0,119.0,0.0,0.0,1.0,0,0,0.0
606,QuantNaryTreeLearner,PDFA - 08af69686ef14f69ad28ca66c3ffec0f,309,309,4,23.61315743799787,3906,121,,,5.0,119.0,0.0,0.0,1.0,0,0,0.0
607,QuantNaryTreeLearner,PDFA - 08af69686ef14f69ad28ca66c3ffec0f,309,309,5,23.578977555036545,3906,121,,,5.0,119.0,0.0,0.0,1.0,0,0,0.0
608,QuantNaryTreeLearner,PDFA - 08af69686ef14f69ad28ca66c3ffec0f,309,309,6,23.628163280081935,3906,121,,,5.0,119.0,0.0,0.0,1.0,0,0,0.0
609,QuantNaryTreeLearner,PDFA - 08af69686ef14f69ad28ca66c3ffec0f,309,309,7,23.55438647698611,3906,121,,,5.0,119.0,0.0,0.0,1.0,0,0,0.0
610,QuantNaryTreeLearner,PDFA - 08af69686ef14f69ad28ca66c3ffec0f,309,309,8,23.573434368008748,3906,121,,,5.0,119.0,0.0,0.0,1.0,0,0,0.0
611,QuantNaryTreeLearner,PDFA - 08af69686ef14f69ad28ca66c3ffec0f,309,309,9,23.592558183008805,3906,121,,,5.0,119.0,0.0,0.0,1.0,0,0,0.0
612,QuantNaryTreeLearner,PDFA - 7df0c16954e34a689626f6209885a3e1,102,102,1,2.562231287942268,1335,53,,,4.0,51.0,0.0,0.0,1.0,0,0,0.0
613,QuantNaryTreeLearner,PDFA - 7df0c16954e34a689626f6209885a3e1,102,102,2,2.9870221879100427,1335,53,,,4.0,51.0,0.0,0.0,1.0,0,0,0.0
614,QuantNaryTreeLearner,PDFA - 7df0c16954e34a689626f6209885a3e1,102,102,3,2.6677012369036674,1335,53,,,4.0,51.0,0.0,0.0,1.0,0,0,0.0
615,QuantNaryTreeLearner,PDFA - 7df0c16954e34a689626f6209885a3e1,102,102,4,2.6774397579720244,1335,53,,,4.0,51.0,0.0,0.0,1.0,0,0,0.0
616,QuantNaryTreeLearner,PDFA - 7df0c16954e34a689626f6209885a3e1,102,102,5,2.660566368023865,1335,53,,,4.0,51.0,0.0,0.0,1.0,0,0,0.0
617,QuantNaryTreeLearner,PDFA - 7df0c16954e34a689626f6209885a3e1,102,102,6,2.5888132869731635,1335,53,,,4.0,51.0,0.0,0.0,1.0,0,0,0.0
618,QuantNaryTreeLearner,PDFA - 7df0c16954e34a689626f6209885a3e1,102,102,7,2.64055473706685,1335,53,,,4.0,51.0,0.0,0.0,1.0,0,0,0.0
619,QuantNaryTreeLearner,PDFA - 7df0c16954e34a689626f6209885a3e1,102,102,8,2.6280269160633907,1335,53,,,4.0,51.0,0.0,0.0,1.0,0,0,0.0
620,QuantNaryTreeLearner,PDFA - 7df0c16954e34a689626f6209885a3e1,102,102,9,2.698029446066357,1335,53,,,4.0,51.0,0.0,0.0,1.0,0,0,0.0
621,QuantNaryTreeLearner,PDFA - fe56b5f87d1643f4a276ce9e46607450,52,52,1,0.6302147470414639,684,25,,,4.0,23.0,0.0,0.0,1.0,0,0,0.0
622,QuantNaryTreeLearner,PDFA - fe56b5f87d1643f4a276ce9e46607450,52,52,2,0.5964808639837429,684,25,,,4.0,23.0,0.0,0.0,1.0,0,0,0.0
623,QuantNaryTreeLearner,PDFA - fe56b5f87d1643f4a276ce9e46607450,52,52,3,0.5556078290101141,684,25,,,4.0,23.0,0.0,0.0,1.0,0,0,0.0
624,QuantNaryTreeLearner,PDFA - fe56b5f87d1643f4a276ce9e46607450,52,52,4,0.5595750829670578,684,25,,,4.0,23.0,0.0,0.0,1.0,0,0,0.0
625,QuantNaryTreeLearner,PDFA - fe56b5f87d1643f4a276ce9e46607450,52,52,5,0.5684301849687472,684,25,,,4.0,23.0,0.0,0.0,1.0,0,0,0.0
626,QuantNaryTreeLearner,PDFA - fe56b5f87d1643f4a276ce9e46607450,52,52,6,0.5657167680328712,684,25,,,4.0,23.0,0.0,0.0,1.0,0,0,0.0
627,QuantNaryTreeLearner,PDFA - fe56b5f87d1643f4a276ce9e46607450,52,52,7,0.5526747300755233,684,25,,,4.0,23.0,0.0,0.0,1.0,0,0,0.0
628,QuantNaryTreeLearner,PDFA - fe56b5f87d1643f4a276ce9e46607450,52,52,8,0.580965843051672,684,25,,,4.0,23.0,0.0,0.0,1.0,0,0,0.0
629,QuantNaryTreeLearner,PDFA - fe56b5f87d1643f4a276ce9e46607450,52,52,9,0.5815785859012976,684,25,,,4.0,23.0,0.0,0.0,1.0,0,0,0.0
630,QuantNaryTreeLearner,PDFA - 839797d6129d479cb3e956dd894b77a6,42,42,1,0.419307334930636,525,23,,,4.0,21.0,0.0,0.0,1.0,0,0,0.0
631,QuantNaryTreeLearner,PDFA - 839797d6129d479cb3e956dd894b77a6,42,42,2,0.4544069670373574,525,23,,,4.0,21.0,0.0,0.0,1.0,0,0,0.0
632,QuantNaryTreeLearner,PDFA - 839797d6129d479cb3e956dd894b77a6,42,42,3,0.40439212997443974,525,23,,,4.0,21.0,0.0,0.0,1.0,0,0,0.0
633,QuantNaryTreeLearner,PDFA - 839797d6129d479cb3e956dd894b77a6,42,42,4,0.5212531390134245,525,23,,,4.0,21.0,0.0,0.0,1.0,0,0,0.0
634,QuantNaryTreeLearner,PDFA - 839797d6129d479cb3e956dd894b77a6,42,42,5,0.4132623409386724,525,23,,,4.0,21.0,0.0,0.0,1.0,0,0,0.0
635,QuantNaryTreeLearner,PDFA - 839797d6129d479cb3e956dd894b77a6,42,42,6,0.3962845620699227,525,23,,,4.0,21.0,0.0,0.0,1.0,0,0,0.0
636,QuantNaryTreeLearner,PDFA - 839797d6129d479cb3e956dd894b77a6,42,42,7,0.4079897099873051,525,23,,,4.0,21.0,0.0,0.0,1.0,0,0,0.0
637,QuantNaryTreeLearner,PDFA - 839797d6129d479cb3e956dd894b77a6,42,42,8,0.40571612399071455,525,23,,,4.0,21.0,0.0,0.0,1.0,0,0,0.0
638,QuantNaryTreeLearner,PDFA - 839797d6129d479cb3e956dd894b77a6,42,42,9,0.41404756298288703,525,23,,,4.0,21.0,0.0,0.0,1.0,0,0,0.0
639,QuantNaryTreeLearner,PDFA - 042a5f2a5701402aacf37a83b026e635,91,91,1,1.6584020210430026,1128,38,,,5.0,36.0,0.0,0.0,1.0,0,0,0.0
640,QuantNaryTreeLearner,PDFA - 042a5f2a5701402aacf37a83b026e635,91,91,2,1.5816438340116292,1128,38,,,5.0,36.0,0.0,0.0,1.0,0,0,0.0
641,QuantNaryTreeLearner,PDFA - 042a5f2a5701402aacf37a83b026e635,91,91,3,1.5997789088869467,1128,38,,,5.0,36.0,0.0,0.0,1.0,0,0,0.0
642,QuantNaryTreeLearner,PDFA - 042a5f2a5701402aacf37a83b026e635,91,91,4,1.6032871339702979,1128,38,,,5.0,36.0,0.0,0.0,1.0,0,0,0.0
643,QuantNaryTreeLearner,PDFA - 042a5f2a5701402aacf37a83b026e635,91,91,5,1.5249045339878649,1128,38,,,5.0,36.0,0.0,0.0,1.0,0,0,0.0
644,QuantNaryTreeLearner,PDFA - 042a5f2a5701402aacf37a83b026e635,91,91,6,1.6686928890412673,1128,38,,,5.0,36.0,0.0,0.0,1.0,0,0,0.0
645,QuantNaryTreeLearner,PDFA - 042a5f2a5701402aacf37a83b026e635,91,91,7,1.5233705199789256,1128,38,,,5.0,36.0,0.0,0.0,1.0,0,0,0.0
646,QuantNaryTreeLearner,PDFA - 042a5f2a5701402aacf37a83b026e635,91,91,8,1.633143164915964,1128,38,,,5.0,36.0,0.0,0.0,1.0,0,0,0.0
647,QuantNaryTreeLearner,PDFA - 042a5f2a5701402aacf37a83b026e635,91,91,9,1.6656685649650171,1128,38,,,5.0,36.0,0.0,0.0,1.0,0,0,0.0
648,QuantNaryTreeLearner,PDFA - c65cf3a74e06464290502ccb63374203,296,296,1,27.28696072497405,4101,135,,,5.0,133.0,0.0,0.0,1.0,0,0,0.0
649,QuantNaryTreeLearner,PDFA - c65cf3a74e06464290502ccb63374203,296,296,2,27.89000114100054,4101,135,,,5.0,133.0,0.0,0.0,1.0,0,0,0.0
650,QuantNaryTreeLearner,PDFA - c65cf3a74e06464290502ccb63374203,296,296,3,27.072744930977933,4101,135,,,5.0,133.0,0.0,0.0,1.0,0,0,0.0
651,QuantNaryTreeLearner,PDFA - c65cf3a74e06464290502ccb63374203,296,296,4,27.351210467051715,4101,135,,,5.0,133.0,0.0,0.0,1.0,0,0,0.0
652,QuantNaryTreeLearner,PDFA - c65cf3a74e06464290502ccb63374203,296,296,5,27.41716951294802,4101,135,,,5.0,133.0,0.0,0.0,1.0,0,0,0.0
653,QuantNaryTreeLearner,PDFA - c65cf3a74e06464290502ccb63374203,296,296,6,27.20892967202235,4101,135,,,5.0,133.0,0.0,0.0,1.0,0,0,0.0
654,QuantNaryTreeLearner,PDFA - c65cf3a74e06464290502ccb63374203,296,296,7,27.28965666599106,4101,135,,,5.0,133.0,0.0,0.0,1.0,0,0,0.0
655,QuantNaryTreeLearner,PDFA - c65cf3a74e06464290502ccb63374203,296,296,8,27.4303057519719,4101,135,,,5.0,133.0,0.0,0.0,1.0,0,0,0.0
656,QuantNaryTreeLearner,PDFA - c65cf3a74e06464290502ccb63374203,296,296,9,27.421242249081843,4101,135,,,5.0,133.0,0.0,0.0,1.0,0,0,0.0
657,QuantNaryTreeLearner,PDFA - 6709aba8753f4e58aa8f6e0eb05a6650,185,185,1,7.347550273989327,2388,76,,,5.0,74.0,0.0,0.0,1.0,0,0,0.0
658,QuantNaryTreeLearner,PDFA - 6709aba8753f4e58aa8f6e0eb05a6650,185,185,2,7.231651384965517,2388,76,,,5.0,74.0,0.0,0.0,1.0,0,0,0.0
659,QuantNaryTreeLearner,PDFA - 6709aba8753f4e58aa8f6e0eb05a6650,185,185,3,7.2969380910508335,2388,76,,,5.0,74.0,0.0,0.0,1.0,0,0,0.0
660,QuantNaryTreeLearner,PDFA - 6709aba8753f4e58aa8f6e0eb05a6650,185,185,4,7.47547841607593,2388,76,,,5.0,74.0,0.0,0.0,1.0,0,0,0.0
661,QuantNaryTreeLearner,PDFA - 6709aba8753f4e58aa8f6e0eb05a6650,185,185,5,7.38859297207091,2388,76,,,5.0,74.0,0.0,0.0,1.0,0,0,0.0
662,QuantNaryTreeLearner,PDFA - 6709aba8753f4e58aa8f6e0eb05a6650,185,185,6,7.361325078993104,2388,76,,,5.0,74.0,0.0,0.0,1.0,0,0,0.0
663,QuantNaryTreeLearner,PDFA - 6709aba8753f4e58aa8f6e0eb05a6650,185,185,7,7.536783842020668,2388,76,,,5.0,74.0,0.0,0.0,1.0,0,0,0.0
664,QuantNaryTreeLearner,PDFA - 6709aba8753f4e58aa8f6e0eb05a6650,185,185,8,7.6848100669449195,2388,76,,,5.0,74.0,0.0,0.0,1.0,0,0,0.0
665,QuantNaryTreeLearner,PDFA - 6709aba8753f4e58aa8f6e0eb05a6650,185,185,9,7.33127953496296,2388,76,,,5.0,74.0,0.0,0.0,1.0,0,0,0.0
666,QuantNaryTreeLearner,PDFA - c16e9b6b85fc4d2eb4d995ab632bd725,103,103,1,2.326323712011799,1269,44,,,4.0,42.0,0.0,0.0,1.0,0,0,0.0
667,QuantNaryTreeLearner,PDFA - c16e9b6b85fc4d2eb4d995ab632bd725,103,103,2,2.118674195953645,1269,44,,,4.0,42.0,0.0,0.0,1.0,0,0,0.0
668,QuantNaryTreeLearner,PDFA - c16e9b6b85fc4d2eb4d995ab632bd725,103,103,3,2.129946985980496,1269,44,,,4.0,42.0,0.0,0.0,1.0,0,0,0.0
669,QuantNaryTreeLearner,PDFA - c16e9b6b85fc4d2eb4d995ab632bd725,103,103,4,2.237033694051206,1269,44,,,4.0,42.0,0.0,0.0,1.0,0,0,0.0
670,QuantNaryTreeLearner,PDFA - c16e9b6b85fc4d2eb4d995ab632bd725,103,103,5,2.257413547951728,1269,44,,,4.0,42.0,0.0,0.0,1.0,0,0,0.0
671,QuantNaryTreeLearner,PDFA - c16e9b6b85fc4d2eb4d995ab632bd725,103,103,6,2.210270159994252,1269,44,,,4.0,42.0,0.0,0.0,1.0,0,0,0.0
672,QuantNaryTreeLearner,PDFA - c16e9b6b85fc4d2eb4d995ab632bd725,103,103,7,2.221489649033174,1269,44,,,4.0,42.0,0.0,0.0,1.0,0,0,0.0
673,QuantNaryTreeLearner,PDFA - c16e9b6b85fc4d2eb4d995ab632bd725,103,103,8,2.2255640019429848,1269,44,,,4.0,42.0,0.0,0.0,1.0,0,0,0.0
674,QuantNaryTreeLearner,PDFA - c16e9b6b85fc4d2eb4d995ab632bd725,103,103,9,2.182332196040079,1269,44,,,4.0,42.0,0.0,0.0,1.0,0,0,0.0
675,QuantNaryTreeLearner,PDFA - 152d1dad14a34ffeb7d509e890d8ba25,43,43,1,0.49181681603658944,510,23,,,4.0,21.0,0.0,0.0,1.0,0,0,0.0
676,QuantNaryTreeLearner,PDFA - 152d1dad14a34ffeb7d509e890d8ba25,43,43,2,0.39444520708639175,510,23,,,4.0,21.0,0.0,0.0,1.0,0,0,0.0
677,QuantNaryTreeLearner,PDFA - 152d1dad14a34ffeb7d509e890d8ba25,43,43,3,0.4184347299160436,510,23,,,4.0,21.0,0.0,0.0,1.0,0,0,0.0
678,QuantNaryTreeLearner,PDFA - 152d1dad14a34ffeb7d509e890d8ba25,43,43,4,0.38670902501326054,510,23,,,4.0,21.0,0.0,0.0,1.0,0,0,0.0
679,QuantNaryTreeLearner,PDFA - 152d1dad14a34ffeb7d509e890d8ba25,43,43,5,0.39304287696722895,510,23,,,4.0,21.0,0.0,0.0,1.0,0,0,0.0
680,QuantNaryTreeLearner,PDFA - 152d1dad14a34ffeb7d509e890d8ba25,43,43,6,0.40401037596166134,510,23,,,4.0,21.0,0.0,0.0,1.0,0,0,0.0
681,QuantNaryTreeLearner,PDFA - 152d1dad14a34ffeb7d509e890d8ba25,43,43,7,0.39955541503150016,510,23,,,4.0,21.0,0.0,0.0,1.0,0,0,0.0
682,QuantNaryTreeLearner,PDFA - 152d1dad14a34ffeb7d509e890d8ba25,43,43,8,0.3986276009818539,510,23,,,4.0,21.0,0.0,0.0,1.0,0,0,0.0
683,QuantNaryTreeLearner,PDFA - 152d1dad14a34ffeb7d509e890d8ba25,43,43,9,0.4182860399596393,510,23,,,4.0,21.0,0.0,0.0,1.0,0,0,0.0
684,QuantNaryTreeLearner,PDFA - ca650ca242344f8f81e158027b57807d,193,193,1,8.748145339079201,2544,79,,,5.0,77.0,0.0,0.0,1.0,0,0,0.0
685,QuantNaryTreeLearner,PDFA - ca650ca242344f8f81e158027b57807d,193,193,2,8.788410103996284,2544,79,,,5.0,77.0,0.0,0.0,1.0,0,0,0.0
686,QuantNaryTreeLearner,PDFA - ca650ca242344f8f81e158027b57807d,193,193,3,8.714170402963646,2544,79,,,5.0,77.0,0.0,0.0,1.0,0,0,0.0
687,QuantNaryTreeLearner,PDFA - ca650ca242344f8f81e158027b57807d,193,193,4,8.707226149970666,2544,79,,,5.0,77.0,0.0,0.0,1.0,0,0,0.0
688,QuantNaryTreeLearner,PDFA - ca650ca242344f8f81e158027b57807d,193,193,5,8.692431424977258,2544,79,,,5.0,77.0,0.0,0.0,1.0,0,0,0.0
689,QuantNaryTreeLearner,PDFA - ca650ca242344f8f81e158027b57807d,193,193,6,8.780420265975408,2544,79,,,5.0,77.0,0.0,0.0,1.0,0,0,0.0
690,QuantNaryTreeLearner,PDFA - ca650ca242344f8f81e158027b57807d,193,193,7,8.723906742059626,2544,79,,,5.0,77.0,0.0,0.0,1.0,0,0,0.0
691,QuantNaryTreeLearner,PDFA - ca650ca242344f8f81e158027b57807d,193,193,8,8.734454861958511,2544,79,,,5.0,77.0,0.0,0.0,1.0,0,0,0.0
692,QuantNaryTreeLearner,PDFA - ca650ca242344f8f81e158027b57807d,193,193,9,8.61177661595866,2544,79,,,5.0,77.0,0.0,0.0,1.0,0,0,0.0
693,QuantNaryTreeLearner,PDFA - 34fb807406c941619c4a134210679f53,50,49,1,0.41705458296928555,519,19,,,3.0,17.0,3.6395756444953517e-05,0.0,1.0,0,0,6.289999999998075e-06
694,QuantNaryTreeLearner,PDFA - 34fb807406c941619c4a134210679f53,50,49,2,0.4037866430589929,519,19,,,3.0,17.0,3.6395756444953517e-05,0.0,1.0,0,0,6.289999999998075e-06
695,QuantNaryTreeLearner,PDFA - 34fb807406c941619c4a134210679f53,50,49,3,0.5569252229761332,519,19,,,3.0,17.0,3.6395756444953517e-05,0.0,1.0,0,0,6.289999999998075e-06
696,QuantNaryTreeLearner,PDFA - 34fb807406c941619c4a134210679f53,50,49,4,0.39492550294380635,519,19,,,3.0,17.0,3.6395756444953517e-05,0.0,1.0,0,0,6.289999999998075e-06
697,QuantNaryTreeLearner,PDFA - 34fb807406c941619c4a134210679f53,50,49,5,0.4069661688990891,519,19,,,3.0,17.0,3.6395756444953517e-05,0.0,1.0,0,0,6.289999999998075e-06
698,QuantNaryTreeLearner,PDFA - 34fb807406c941619c4a134210679f53,50,49,6,0.42414623603690416,519,19,,,3.0,17.0,3.6395756444953517e-05,0.0,1.0,0,0,6.289999999998075e-06
699,QuantNaryTreeLearner,PDFA - 34fb807406c941619c4a134210679f53,50,49,7,0.4091023699147627,519,19,,,3.0,17.0,3.6395756444953517e-05,0.0,1.0,0,0,6.289999999998075e-06
700,QuantNaryTreeLearner,PDFA - 34fb807406c941619c4a134210679f53,50,49,8,0.3974278160603717,519,19,,,3.0,17.0,3.6395756444953517e-05,0.0,1.0,0,0,6.289999999998075e-06
701,QuantNaryTreeLearner,PDFA - 34fb807406c941619c4a134210679f53,50,49,9,0.394516100990586,519,19,,,3.0,17.0,3.6395756444953517e-05,0.0,1.0,0,0,6.289999999998075e-06
702,QuantNaryTreeLearner,PDFA - 006fbdeac4d04c05b5d859ae774b7318,292,292,1,22.912290169042535,4110,128,,,5.0,126.0,0.0,0.0,1.0,0,0,0.0
703,QuantNaryTreeLearner,PDFA - 006fbdeac4d04c05b5d859ae774b7318,292,292,2,22.857416869024746,4110,128,,,5.0,126.0,0.0,0.0,1.0,0,0,0.0
704,QuantNaryTreeLearner,PDFA - 006fbdeac4d04c05b5d859ae774b7318,292,292,3,22.87556392804254,4110,128,,,5.0,126.0,0.0,0.0,1.0,0,0,0.0
705,QuantNaryTreeLearner,PDFA - 006fbdeac4d04c05b5d859ae774b7318,292,292,4,22.90115640091244,4110,128,,,5.0,126.0,0.0,0.0,1.0,0,0,0.0
706,QuantNaryTreeLearner,PDFA - 006fbdeac4d04c05b5d859ae774b7318,292,292,5,22.78822783799842,4110,128,,,5.0,126.0,0.0,0.0,1.0,0,0,0.0
707,QuantNaryTreeLearner,PDFA - 006fbdeac4d04c05b5d859ae774b7318,292,292,6,23.54344632802531,4110,128,,,5.0,126.0,0.0,0.0,1.0,0,0,0.0
708,QuantNaryTreeLearner,PDFA - 006fbdeac4d04c05b5d859ae774b7318,292,292,7,22.9149953519227,4110,128,,,5.0,126.0,0.0,0.0,1.0,0,0,0.0
709,QuantNaryTreeLearner,PDFA - 006fbdeac4d04c05b5d859ae774b7318,292,292,8,22.842114835977554,4110,128,,,5.0,126.0,0.0,0.0,1.0,0,0,0.0
710,QuantNaryTreeLearner,PDFA - 006fbdeac4d04c05b5d859ae774b7318,292,292,9,22.880151319899596,4110,128,,,5.0,126.0,0.0,0.0,1.0,0,0,0.0
711,QuantNaryTreeLearner,PDFA - aeeb69d026f24aa1aa7ed682045efb99,303,303,1,22.66995805699844,4089,115,,,5.0,113.0,0.0,0.0,1.0,0,0,0.0
712,QuantNaryTreeLearner,PDFA - aeeb69d026f24aa1aa7ed682045efb99,303,303,2,22.745489827007987,4089,115,,,5.0,113.0,0.0,0.0,1.0,0,0,0.0
713,QuantNaryTreeLearner,PDFA - aeeb69d026f24aa1aa7ed682045efb99,303,303,3,22.454674828099087,4089,115,,,5.0,113.0,0.0,0.0,1.0,0,0,0.0
714,QuantNaryTreeLearner,PDFA - aeeb69d026f24aa1aa7ed682045efb99,303,303,4,22.52538286393974,4089,115,,,5.0,113.0,0.0,0.0,1.0,0,0,0.0
715,QuantNaryTreeLearner,PDFA - aeeb69d026f24aa1aa7ed682045efb99,303,303,5,22.809491215040907,4089,115,,,5.0,113.0,0.0,0.0,1.0,0,0,0.0
716,QuantNaryTreeLearner,PDFA - aeeb69d026f24aa1aa7ed682045efb99,303,303,6,22.547522904002108,4089,115,,,5.0,113.0,0.0,0.0,1.0,0,0,0.0
717,QuantNaryTreeLearner,PDFA - aeeb69d026f24aa1aa7ed682045efb99,303,303,7,22.770490820053965,4089,115,,,5.0,113.0,0.0,0.0,1.0,0,0,0.0
718,QuantNaryTreeLearner,PDFA - aeeb69d026f24aa1aa7ed682045efb99,303,303,8,22.663937574019656,4089,115,,,5.0,113.0,0.0,0.0,1.0,0,0,0.0
719,QuantNaryTreeLearner,PDFA - aeeb69d026f24aa1aa7ed682045efb99,303,303,9,23.207790459971875,4089,115,,,5.0,113.0,0.0,0.0,1.0,0,0,0.0
